Page,Pct,Cuml_Pct
/chromium-projects,0.6968,0.6968
/chromium-os/chrome-os-systems-supporting-android-apps,0.0388,0.7356
/chromium-os,0.0381,0.7737
/Home,0.0380,0.8117
/getting-involved/download-chromium,0.0355,0.8472
/developers/how-tos/api-keys,0.0075,0.8547
/getting-involved/dev-channel,0.0066,0.8613
/chromium-os/chrome-os-systems-supporting-linux,0.0059,0.8672
/developers/design-documents/create-amazing-password-forms,0.0053,0.8726
/developers/how-tos/get-the-code,0.0038,0.8764
/chromium-os/developer-information-for-chrome-os-devices,0.0036,0.8800
/developers/how-tos/run-chromium-with-flags,0.0033,0.8832
/Home/chromium-security,0.0029,0.8861
/chromium-os/chrome-os-systems-supporting-instant-tethering,0.0028,0.8889
/blink,0.0027,0.8915
/administrators/policy-list-3,0.0027,0.8942
/chromium-os/quick-start-guide,0.0026,0.8968
/updates/same-site,0.0022,0.8990
/chromium-os/chromium-os-faq,0.0020,0.9010
/updates/same-site/incompatible-clients,0.0020,0.9030
/developers,0.0019,0.9049
/hsts,0.0018,0.9067
/updates/same-site/test-debug,0.0018,0.9085
/administrators/url-blocklist-filter-format,0.0017,0.9102
/developers/how-tos/debugging-on-windows,0.0016,0.9118
/Home/chromium-security/corb-for-developers,0.0015,0.9133
/for-testers/enable-logging,0.0015,0.9149
/for-testers/bug-reporting-guidelines,0.0014,0.9163
/updates/ua-reduction,0.0014,0.9177
/for-testers/bug-reporting-guidelines/uncaught-securityerror-failed-to-read-the-localstorage-property-from-window-access-is-denied-for-this-document,0.0013,0.9190
/getting-involved,0.0013,0.9202
/user-experience,0.0013,0.9215
/administrators/turning-off-auto-updates,0.0013,0.9228
/Home/chromium-security/extension-content-script-fetches,0.0012,0.9240
/quic,0.0012,0.9252
/Home/chromium-security/site-isolation,0.0011,0.9264
/administrators/policy-templates,0.0011,0.9274
/Home/chromium-security/root-ca-policy,0.0010,0.9284
/developers/calendar,0.0010,0.9295
/developers/how-tos/install-depot-tools,0.0010,0.9304
/flash-roadmap,0.0009,0.9314
/chromium-os/developer-guide,0.0009,0.9323
/chromium-os/build,0.0009,0.9333
/developers/design-documents/network-settings,0.0009,0.9342
/Home/chromium-privacy/privacy-sandbox,0.0009,0.9350
/Home/chromium-security/deprecating-powerful-features-on-insecure-origins,0.0009,0.9359
/developers/design-documents,0.0009,0.9368
/for-testers/providing-network-details,0.0009,0.9376
/developers/discussion-groups,0.0008,0.9385
/chromium-os/chromiumos-design-docs,0.0008,0.9393
/audio-video,0.0008,0.9400
/chromium-os/developer-information-for-chrome-os-devices/running-virtual-machines-on-your-chromebook,0.0007,0.9408
/developers/how-tos/trace-event-profiling-tool,0.0007,0.9415
/developers/gn-build-configuration,0.0007,0.9422
/developers/how-tos/depottools,0.0007,0.9428
/developers/design-documents/network-stack/socks-proxy,0.0006,0.9435
/developers/version-numbers,0.0006,0.9441
/developers/how-tos/getting-around-the-chrome-source-code,0.0006,0.9447
/developers/design-documents/form-styles-that-chromium-understands,0.0006,0.9453
/developers/design-documents/multi-process-architecture,0.0005,0.9459
/Home/chromecompatfaq,0.0005,0.9464
/administrators/configuring-other-preferences,0.0005,0.9469
/user-experience/user-data-directory,0.0005,0.9474
/chromium-os/fwmp,0.0005,0.9479
/developers/design-documents/http-authentication,0.0005,0.9484
/administrators/common-problems-and-solutions,0.0005,0.9489
/chromium-os/getting-dev-hardware,0.0004,0.9493
/Home/chromium-security/prefer-secure-origins-for-powerful-new-features,0.0004,0.9498
/chromium-os/developer-information-for-chrome-os-devices/generic,0.0004,0.9502
/administrators/url-blacklist-filter-format,0.0004,0.9506
/chromium-os/developer-information-for-chrome-os-devices/acer-c720-chromebook,0.0004,0.9510
/teams/web-capabilities-fugu,0.0004,0.9514
/chromium-os/tpm_firmware_update,0.0004,0.9518
/Home/chromium-security/deprecating-permissions-in-cross-origin-iframes,0.0004,0.9522
/developers/design-documents/gpu-accelerated-compositing-in-chrome,0.0004,0.9526
/developers/npapi-deprecation,0.0004,0.9530
/updates/schemeful-same-site/testing-and-debugging-tips-for-schemeful-same-site,0.0004,0.9533
/chromium-os/poking-around-your-chrome-os-device,0.0004,0.9537
/chromium-os/how-tos-and-troubleshooting/debugging-features,0.0004,0.9541
/developers/design-documents/extensions,0.0004,0.9545
/blink/serviceworker/service-worker-faq,0.0004,0.9548
/administrators/policy-list-3/cookie-legacy-samesite-policies,0.0004,0.9552
/administrators,0.0004,0.9556
/chromium-os/how-tos-and-troubleshooting/developer-faq,0.0004,0.9559
/chromium-os/android-apps,0.0003,0.9563
/devtools,0.0003,0.9566
/updates/same-site/faq,0.0003,0.9569
/administrators/linux-quick-start,0.0003,0.9572
/chromium-os/firmware-porting-guide/firmware-ec-write-protection,0.0003,0.9575
/embeddedsearch,0.0003,0.9578
/developers/decoding-crash-dumps,0.0003,0.9581
/developers/design-documents/extensions/proposed-changes/apis-under-development/rlz-api,0.0003,0.9584
/administrators/pre-installed-extensions,0.0003,0.9587
/for-testers,0.0003,0.9590
/chromium-os/chromiumos-design-docs/disk-format,0.0003,0.9593
/chromium-os/chromiumos-design-docs/tab-discarding-and-reloading,0.0003,0.9595
/developers/contributing-code,0.0003,0.9598
/developers/creating-and-using-profiles,0.0003,0.9601
/Home/chromium-security/memory-safety/rust-and-c-interoperability,0.0003,0.9603
/chromium-os/mds-on-chromeos,0.0003,0.9606
/developers/how-tos/trace-event-profiling-tool/recording-tracing-runs,0.0003,0.9609
/chromium-os/getting-dev-hardware/dev-hardware-list,0.0003,0.9611
/chromium-os/testing,0.0003,0.9614
/chromium-os/sideload-android-apps-on-chromebook,0.0003,0.9616
/chromium-os/developer-information-for-chrome-os-devices/asus-chromebox,0.0003,0.9619
/developers/design-documents/displaying-a-web-page-in-chrome,0.0002,0.9621
/chromium-os/twinkie,0.0002,0.9624
/developers/design-documents/process-models,0.0002,0.9626
/events/blinkon-15,0.0002,0.9629
/quic/playing-with-quic,0.0002,0.9631
/chromium-os/developing-apps-on-your-chromium-os-device,0.0002,0.9634
/Home/chromium-security/marking-http-as-non-secure,0.0002,0.9636
/chromium-os/cable-and-adapter-tips-and-tricks,0.0002,0.9639
/spdy,0.0002,0.9641
/developers/design-documents/inter-process-communication,0.0002,0.9643
/user-experience/keyboard-access,0.0002,0.9646
/administrators/policy-list-3/user-data-directory-variables,0.0002,0.9648
/chromium-os/firmware-porting-guide,0.0002,0.9650
/user-experience/assistive-technology-support,0.0002,0.9653
/audio-video/autoplay,0.0002,0.9655
/administrators/configuring-policy-for-extensions,0.0002,0.9657
/issue-tracking/autotriage,0.0002,0.9659
/developers/design-documents/software-updates-courgette,0.0002,0.9662
/developers/design-documents/chromium-graphics,0.0002,0.9664
/Home/chromium-security/security-faq,0.0002,0.9666
/blink/launching-features,0.0002,0.9668
/getting-involved/dev-channel/,0.0002,0.9670
/developers/design-documents/network-stack/disk-cache,0.0002,0.9673
/chrome-release-channels,0.0002,0.9675
/Home/chromium-security/education/tls,0.0002,0.9677
/updates/schemeful-same-site/schemeful-same-site-devtools-issues,0.0002,0.9679
/chromium-os/developer-information-for-chrome-os-devices/custom-firmware,0.0002,0.9681
/user-experience/low-vision-support,0.0002,0.9683
/developers/smart-pointer-guidelines,0.0002,0.9685
/developers/design-documents/chromium-graphics/how-to-get-gpu-rasterization,0.0002,0.9687
/developers/how-tos/get-the-code/working-with-release-branches,0.0002,0.9689
/developers/crash-reports,0.0002,0.9691
/Home/chromium-security/memory-safety,0.0002,0.9693
/chromium-os/chromiumos-design-docs/network-portal-detection,0.0002,0.9695
/chromium-os/developer-guide/gerrit-guide,0.0002,0.9697
/developers/design-documents/blocking-cross-site-documents,0.0002,0.9698
/updates,0.0002,0.9700
/chromium-os/chromiumos-design-docs/software-architecture,0.0002,0.9702
/developers/design-documents/tpm-usage,0.0002,0.9704
/developers/core-principles,0.0002,0.9706
/chromium-os/developer-information-for-chrome-os-devices/dell-chromebook-11,0.0002,0.9707
/flash-roadmap/flash-usage-trends,0.0002,0.9709
/chromium-os/chromiumos-design-docs/developer-mode,0.0002,0.9711
/chromium-os/chromiumos-design-docs/security-overview,0.0002,0.9712
/developers/design-documents/network-stack/netlog,0.0002,0.9714
/chromium-os/how-tos-and-troubleshooting,0.0002,0.9716
/chromium-os/chromiumos-design-docs/verified-boot,0.0002,0.9717
/developers/how-tos,0.0002,0.9719
/developers/design-documents/network-stack,0.0002,0.9720
/developers/how-tos/build-instructions-windows,0.0002,0.9722
/chromium-os/tips-and-tricks-for-chromium-os-developers,0.0002,0.9724
/chromium-os/works-with-chromebook-certified,0.0002,0.9725
/updates/ua-ch,0.0002,0.9727
/chromium-os/ec-development,0.0002,0.9728
/chromium-os/developer-information-for-chrome-os-devices/samsung-arm-chromebook,0.0002,0.9730
/chromium-os/developer-information-for-chrome-os-devices/samsung-sandy-bridge,0.0002,0.9732
/developers/how-tos/chrome-frame-getting-started,0.0002,0.9733
/user-experience/multi-profiles,0.0002,0.9735
/developers/dns-over-https,0.0002,0.9736
/chromium-os/how-tos-and-troubleshooting/install-software-on-base-images,0.0002,0.9738
/chromium-os/developer-information-for-chrome-os-devices/hp-chromebook-14,0.0002,0.9739
/blink/,0.0001,0.9741
/developers/gerrit-guide,0.0001,0.9742
/developers/design-documents/aura,0.0001,0.9744
/developers/useful-extensions,0.0001,0.9745
/developers/testing/browser-tests,0.0001,0.9747
/administrators/mac-quick-start,0.0001,0.9748
/developers/design-documents/site-isolation,0.0001,0.9750
/chromium-os/how-tos-and-troubleshooting/debugging-3g/modem-debugging-with-mmcli,0.0001,0.9751
/developers/design-documents/oop-iframes,0.0001,0.9752
/chromium-os/chromiumos-design-docs/firmware-boot-and-recovery,0.0001,0.9754
/developers/design-documents/accessibility,0.0001,0.9755
/chromium-os/developer-information-for-chrome-os-devices/samsung-series-5-chromebook,0.0001,0.9756
/developers/content-module,0.0001,0.9758
/chromium-os/minimuffin,0.0001,0.9759
/developers/design-documents/graphics-and-skia,0.0001,0.9760
/chromium-os/developer-guide/directory-structure,0.0001,0.9761
/Home/chromium-security/extension-content-script-fetches/,0.0001,0.9763
/getting-involved/become-a-committer,0.0001,0.9764
/developers/how-tos/trace-event-profiling-tool/trace-event-reading,0.0001,0.9765
/spdy/spdy-whitepaper,0.0001,0.9766
/chromium-os/developer-information-for-chrome-os-devices/lenovo-thinkpad-x131e-chromebook,0.0001,0.9768
/administrators/certificate-management-extension-api-on-chrome-os,0.0001,0.9769
/for-testers/bug-reporting-guidelines/reporting-crash-bug,0.0001,0.9770
/developers/design-documents/video,0.0001,0.9771
/chromium-os/chrome-os-systems-supporting-adb-debugging-over-usb,0.0001,0.9772
/Home/chromium-privacy/privacy-sandbox/floc,0.0001,0.9774
/developers/webui,0.0001,0.9775
/developers/severity-guidelines,0.0001,0.9776
/blink/webcrypto,0.0001,0.9777
/Home/third-party-developers,0.0001,0.9778
/administrators/complex-policies-on-windows,0.0001,0.9779
/developers/design-documents/mouse-lock,0.0001,0.9780
/developers/design-documents/dns-prefetching,0.0001,0.9782
/Home/chromium-security/security-faq/service-worker-security-faq,0.0001,0.9783
/chromium-os/chromiumos-design-docs/boot-design,0.0001,0.9784
/developers/coding-style,0.0001,0.9785
/chromium-os/2014-firmware-summit,0.0001,0.9786
/chromium-os/chromiumos-design-docs/login,0.0001,0.9787
/user-experience/downloads,0.0001,0.9788
/chromium-os/hoho,0.0001,0.9789
/developers/testing/running-tests,0.0001,0.9790
/developers/tree-sheriffs/sheriff-details-chromium-os,0.0001,0.9791
/chromium-os/how-tos-and-troubleshooting/running-chromeos-image-under-virtual-machines,0.0001,0.9792
/issue-tracking,0.0001,0.9793
/chromium-os/dingdong,0.0001,0.9794
/Home/chromium-security/client-identification-mechanisms,0.0001,0.9795
/developers/design-documents/secure-web-proxy,0.0001,0.9796
/for-testers/bug-reporting-guidelines/hanging-tabs,0.0001,0.9797
/developers/design-documents/sandbox,0.0001,0.9798
/developers/design-documents/xss-auditor,0.0001,0.9799
/developers/how-tos/old-get-the-code,0.0001,0.9800
/chromium-os/chromiumos-design-docs/upstream-first,0.0001,0.9801
/Home/chromium-privacy,0.0001,0.9802
/chromium-os/how-tos-and-troubleshooting/chromiumos-board-porting-guide,0.0001,0.9803
/developers/how-tos/inspecting-ash,0.0001,0.9804
/teams/rendering,0.0001,0.9805
/chromium-os/firmware-porting-guide/u-boot-drivers,0.0001,0.9806
/developers/design-documents/user-scripts,0.0001,0.9807
/chromium-os/user-experience/window-ui,0.0001,0.9808
/developers/design-documents/download,0.0001,0.9808
/chromium-os/packages/crash-reporting/debugging-a-minidump,0.0001,0.9809
/developers/coding-style/important-abstractions-and-data-structures,0.0001,0.9810
/developers/design-documents/network-stack/proxy-settings-fallback,0.0001,0.9811
/chromium-os/testing/moblab/releasenotes,0.0001,0.9812
/chromium-os/developer-information-for-chrome-os-devices/acer-c7-chromebook,0.0001,0.9813
/chromium-os/testing/moblab,0.0001,0.9814
/developers/how-tos/debugging-on-windows/windbg-help,0.0001,0.9815
/chromium-os/user-experience,0.0001,0.9816
/Home/chromium-security/reporting-security-bugs,0.0001,0.9817
/conduct,0.0001,0.9817
/chromium-os/developer-information-for-chrome-os-devices/hp-pavilion-14-chromebook,0.0001,0.9818
/Home/chromium-security/crlsets,0.0001,0.9819
/Home/chromium-security/quarterly-updates,0.0001,0.9820
/chromium-os/developer-information-for-chrome-os-devices/chromebook-pixel,0.0001,0.9821
/chromium-os/plankton,0.0001,0.9822
/updates/first-party-sets,0.0001,0.9823
/tab-to-search,0.0001,0.9823
/developers/design-documents/sync,0.0001,0.9824
/chromium-os/developer-information-for-chrome-os-devices/hp-chromebox,0.0001,0.9825
/for-testers/bug-reporting-guidlines-for-the-mac-linux-builds,0.0001,0.9826
/chromium-os/packages/cros-flashrom,0.0001,0.9827
/chromium-os/chromiumos-design-docs/cras-chromeos-audio-server,0.0001,0.9828
/blink/getting-started-with-blink-debugging,0.0001,0.9828
/blink/origin-trials/running-an-origin-trial,0.0001,0.9829
/developers/testing,0.0001,0.9830
/chromium-os/stadia-on-chromebooks,0.0001,0.9831
/audio-video/media-internals,0.0001,0.9832
/developers/androidwebview,0.0001,0.9832
/developers/how-tos/drover,0.0001,0.9833
/developers/technical-discussion-groups,0.0001,0.9834
/chromium-os/chromiumos-design-docs/protecting-cached-user-data,0.0001,0.9835
/developers/memory-usage-backgrounder,0.0001,0.9835
/developers/how-tos/editing-the-spell-checking-dictionaries,0.0001,0.9836
/chromium-os/chromiumos-design-docs/filesystem-autoupdate,0.0001,0.9837
/Home/chromium-security/education/tls/sha-1,0.0001,0.9838
/android,0.0001,0.9838
/developers/design-documents/network-stack/debugging-net-proxy,0.0001,0.9839
/Home/chromium-security/bugs,0.0001,0.9840
/chromium-os/how-tos-and-troubleshooting/kernel-configuration,0.0001,0.9841
/developers/design-documents/ui-localization,0.0001,0.9841
/chromium-os/testing/power-testing,0.0001,0.9842
/searchbox,0.0001,0.9843
/blink/webidl,0.0001,0.9843
/developers/how-tos/build-instructions-android-webview,0.0001,0.9844
/chromium-os/testing/autotest-developer-faq/ssh-test-keys-setup,0.0001,0.9845
/user-experience/omnibox,0.0001,0.9845
/developers/learning-your-way-around-the-code,0.0001,0.9846
/developers/bisect-builds-py,0.0001,0.9847
/chromium-os/licensing/licensing-for-chromiumos-package-owners,0.0001,0.9848
/developers/design-documents/preferences,0.0001,0.9848
/administrators/policy-list-3/extension-settings-full,0.0001,0.9849
/administrators/windows-quick-start,0.0001,0.9850
/developers/how-tos/file-web-bluetooth-bugs,0.0001,0.9850
/developers/testing/control-flow-integrity,0.0001,0.9851
/developers/how-tos/trace-event-profiling-tool/using-frameviewer,0.0001,0.9852
/for-testers/command-line-flags,0.0001,0.9852
/developers/design-documents/chromeviews,0.0001,0.9853
/chromium-os/testing/perf-data,0.0001,0.9854
/chromium-os/chromiumos-design-docs/chromium-os-kernel,0.0001,0.9854
/user-experience/window-frame,0.0001,0.9855
/developers/how-tos/android-build-instructions,0.0001,0.9856
/updates/trust-token,0.0001,0.9856
/developers/web-idl-interfaces,0.0001,0.9857
/chromium-os/chromiumos-design-docs/user-accounts-and-management,0.0001,0.9858
/chromium-os/user-experience/access-points,0.0001,0.9858
/developers/design-documents/plugin-architecture,0.0001,0.9859
/for-testers/bug-reporting-guidelines/triage-best-practices,0.0001,0.9859
/Home/chromium-security/enamel,0.0001,0.9860
/developers/coding-style/chromium-style-checker-errors,0.0001,0.9861
/developers/design-documents/prerender,0.0001,0.9861
/chromium-os/firmware-porting-guide/2-concepts,0.0001,0.9862
/developers/testing/leaksanitizer,0.0001,0.9863
/chromium-os/how-tos-and-troubleshooting/debugging-tips,0.0001,0.9863
/chromium-os/chromiumos-design-docs/developer-shell-access,0.0001,0.9864
/chromium-os/chromiumos-design-docs/system-hardening,0.0001,0.9864
/Home/chromium-security/guts,0.0001,0.9865
/chromium-os/chromiumos-design-docs/touch-firmware-updater,0.0001,0.9866
/developers/design-documents/safebrowsing,0.0001,0.9866
/developers/testing/chromium-build-infrastructure/tour-of-the-chromium-buildbot,0.0001,0.9867
/Home/chromium-security/core-principles,0.0001,0.9867
/developers/design-documents/media-router,0.0001,0.9868
/developers/testing/undefinedbehaviorsanitizer,0.0001,0.9869
/chromium-os/developer-information-for-chrome-os-devices/toshiba-cb30-chromebook,0.0001,0.9869
/throttling,0.0001,0.9870
/contact,0.0001,0.9870
/Home/chromium-security/education/security-tips-for-ipc,0.0001,0.9871
/chromium-os/developer-guide/go-in-chromium-os,0.0001,0.9871
/developers/design-documents/multi-process-resource-loading,0.0001,0.9872
/developers/design-documents/aura/aura-overview,0.0001,0.9872
/developers/coding-style/cpp-dos-and-donts,0.0001,0.9873
/Home/chromium-security/brag-sheet,0.0001,0.9873
/developers/how-tos/trace-event-profiling-tool/frame-viewer,0.0001,0.9874
/developers/web-intents-in-chrome,0.0001,0.9875
/developers/how-tos/get-the-code/working-with-branches,0.0001,0.9875
/developers/quick-reference,0.0001,0.9876
/getting-involved/bug-triage,0.0001,0.9876
/chromium-os/developer-information-for-chrome-os-devices/cr-48-chrome-notebook-developer-information,0.0001,0.9877
/quic/quic-faq,0.0001,0.9877
/developers/design-documents/compositor-thread-architecture,0.0001,0.9878
/administrators/frequently-asked-questions,0.0001,0.9878
/chromium-os/testing/chamelium,0.0001,0.9879
/user-experience/new-tab-page,0.0001,0.9879
/developers/how-tos/build-instructions-chromeos,0.0001,0.9880
/chromium-os/chromiumos-design-docs/recovery-mode,0.0001,0.9880
/chrome-apps,0.0001,0.9881
/user-experience/toolbar,0.0001,0.9881
/developers/design-documents/site-engagement,0.0000,0.9882
/developers/updating-webui-for-material-design/using-polymer-icons,0.0000,0.9882
/developers/threaded-task-tracking,0.0000,0.9883
/blink/public-c-api,0.0000,0.9883
/developers/design-documents/pepper-plugin-implementation,0.0000,0.9884
/developers/design-documents/extensions/proposed-changes/creating-new-apis,0.0000,0.9884
/developers/testing/libfuzzer,0.0000,0.9885
/developers/design-documents/aura-desktop-window-manager,0.0000,0.9885
/blink/slimming-paint,0.0000,0.9886
/developers/fast-intro-to-git-internals,0.0000,0.9886
/chromium-os/developer-information-for-chrome-os-devices/acer-cb5-311-chromebook-13,0.0000,0.9887
/chromium-os/how-tos-and-troubleshooting/openvpn-manual-setup,0.0000,0.9887
/chromium-os/packages/portage,0.0000,0.9888
/developers/how-tos/retrieving-crash-reports-on-ios,0.0000,0.9888
/Home/chromium-security/boringssl,0.0000,0.9889
/for-testers/installer,0.0000,0.9889
/chromium-os/,0.0000,0.9889
/developers/how-tos/depottools/gclient,0.0000,0.9890
/nativeclient/getting-started/getting-started-background-and-basics,0.0000,0.9890
/developers/how-tos/visualstudio-tricks,0.0000,0.9891
/developers/design-documents/translate,0.0000,0.9891
/developers/tools-we-use-in-chromium/grit/grit-users-guide,0.0000,0.9892
/blink/guidelines/web-platform-changes-guidelines,0.0000,0.9892
/developers/design-documents/password-generation,0.0000,0.9893
/chromium-os/developer-information-for-chrome-os-devices/samsung-chromebook-2,0.0000,0.9893
/developers/design-documents/ui-development-practices,0.0000,0.9893
/chromium-os/servo,0.0000,0.9894
/developers/profiling-chromium-and-webkit,0.0000,0.9894
/chromium-os/developer-guide/chromium-os-sandboxing,0.0000,0.9895
/blink/layoutng,0.0000,0.9895
/developers/design-documents/first-run-customizations,0.0000,0.9896
/developers/slack,0.0000,0.9896
/chromium-os/chromiumos-design-docs/source-code-management,0.0000,0.9896
/developers/design-documents/extensions/proposed-changes/apis-under-development/proposal-chrome-extensions-cookies-api,0.0000,0.9897
/security-keys,0.0000,0.9897
/chromium-os/usi-enabled-devices,0.0000,0.9898
/user-experience/touch-access,0.0000,0.9898
/chromium-os/how-tos-and-troubleshooting/tsc-resynchronization,0.0000,0.9898
/nativeclient,0.0000,0.9899
/Home/tls13,0.0000,0.9899
/developers/design-documents/gpu-accelerated-compositing-in-chrome/gpu-architecture-roadmap,0.0000,0.9900
/for-testers/touch-firmware-tests,0.0000,0.9900
/chromium-os/packages/crash-reporting/faq,0.0000,0.9900
/infra,0.0000,0.9901
/developers/design-documents/layered-components-design,0.0000,0.9901
/developers/design-documents/rendering-architecture-diagrams,0.0000,0.9902
/developers/chromium-string-usage,0.0000,0.9902
/developers/design-documents/gpu-command-buffer,0.0000,0.9902
/chromium-os/chromiumos-design-docs/out-of-memory-handling,0.0000,0.9903
/developers/testing/threadsanitizer-tsan-v2,0.0000,0.9903
/developers/design-documents/profile-architecture,0.0000,0.9903
/administrators/advanced-integration-for-saml-sso-on-chrome-devices,0.0000,0.9904
/chromium-os/how-tos-and-troubleshooting/debugging-hangs,0.0000,0.9904
/developers/testing/memorysanitizer,0.0000,0.9905
/developers/design-documents/cookbook,0.0000,0.9905
/chromium-os/developer-information-for-chrome-os-devices/hp-chromebook-11,0.0000,0.9905
/developers/design-documents/sandbox/osx-sandboxing-design,0.0000,0.9906
/chromium-os/licensing/licensing-for-chromiumos-developers,0.0000,0.9906
/chromium-os/how-tos-and-troubleshooting/building-chromium-browser,0.0000,0.9906
/developers/linux-technical-faq,0.0000,0.9907
/developers/design-documents/extensions/how-the-extension-system-works/default-apps,0.0000,0.9907
/chromium-os/build/sdk-creation,0.0000,0.9908
/chromium-os/how-tos-and-troubleshooting/remote-debugging,0.0000,0.9908
/blink/developer-faq,0.0000,0.9908
/developers/design-documents/views-windowing,0.0000,0.9909
/chromium-os/developer-information-for-chrome-os-devices/tp-link-onhub-tgr1900,0.0000,0.9909
/Home/chromium-security/vulnerability-rewards-program,0.0000,0.9909
/developers/lock-and-condition-variable,0.0000,0.9910
/administrators/ios-mdm-policy-format,0.0000,0.9910
/developers/design-documents/network-stack/http-cache,0.0000,0.9910
/developers/design-documents/desktop-notifications/api-specification,0.0000,0.9911
/developers/design-documents/immersive-fullscreen,0.0000,0.9911
/developers/design-documents/network-stack/disk-cache/disk-cache-v3,0.0000,0.9911
/rvalue-references,0.0000,0.9912
/developers/how-tos/trace-event-profiling-tool/tracing-event-instrumentation,0.0000,0.9912
/Home/chromium-security/security-release-management,0.0000,0.9912
/administrators/,0.0000,0.9913
/developers/how-tos/depottools/presubmit-scripts,0.0000,0.9913
/developers/tree-sheriffs,0.0000,0.9913
/Home/chromium-security/articles/chrome-sandbox-diagnostics-for-windows,0.0000,0.9914
/developers/design-documents/video-capture,0.0000,0.9914
/developers/design-documents/aura/graphics-architecture,0.0000,0.9914
/blink/origin-trials,0.0000,0.9915
/user-experience/bookmarks,0.0000,0.9915
/developers/design-documents/print-preview,0.0000,0.9915
/hsts/,0.0000,0.9916
/administrators/policy-list-3/deprecated-policies,0.0000,0.9916
/Home/chromium-security/ssca,0.0000,0.9916
/getting-involved/get-bug-editing-privileges,0.0000,0.9917
/developers/design-documents/network-stack/cookiemonster,0.0000,0.9917
/developers/design-documents/browser-components,0.0000,0.9917
/chromium-os/developer-information-for-chrome-os-devices/chromebook-pixel-2015,0.0000,0.9918
/flash-roadmap/,0.0000,0.9918
/chromium-os/chromiumos-design-docs/verified-boot-data-structures,0.0000,0.9918
/chromium-os/testing/test-code-labs/autotest-client-tests,0.0000,0.9919
/developers/how-tos/get-the-code-v2,0.0000,0.9919
/developers/design-documents/browser-window,0.0000,0.9919
/chromium-os/chromiumos-design-docs/text-input,0.0000,0.9920
/chromium-os/how-tos-and-troubleshooting/using-an-upstream-kernel-on-snow,0.0000,0.9920
/developers/design-documents/extensions/how-the-extension-system-works,0.0000,0.9920
/developers/design-documents/extensions/how-the-extension-system-works/docs/how-to-update-the-release-notes,0.0000,0.9921
/chromium-os/how-tos-and-troubleshooting/debugging-3g,0.0000,0.9921
/developers/design-documents/multi-process-architecture/how-to-add-new-features,0.0000,0.9921
/developers/design-documents/safesearch,0.0000,0.9922
/developers/design-documents/conventions-and-patterns-for-multi-platform-development,0.0000,0.9922
/chromium-os/u2f-ecdsa-vulnerability,0.0000,0.9922
/glossary,0.0000,0.9922
/chromium-os/chromiumos-design-docs/cros-network/chrome-network-debugging,0.0000,0.9923
/developers/design-documents/extensions/proposed-changes/apis-under-development/notifications-of-web-request-and-navigation,0.0000,0.9923
/developers/core-principles/no-hidden-preferences,0.0000,0.9923
/developers/design-documents/themes,0.0000,0.9924
/developers/the-rendering-critical-path,0.0000,0.9924
/events/blinkon-14,0.0000,0.9924
/developers/design-documents/network-stack/disk-cache/very-simple-backend,0.0000,0.9925
/developers/design-documents/video-playback-and-compositor,0.0000,0.9925
/Home/chromium-privacy/privacy-sandbox/covert-tracking,0.0000,0.9925
/developers/how-tos/-quickly-building-for-cros-arm-x64,0.0000,0.9925
/home,0.0000,0.9926
/cecpq2,0.0000,0.9926
/user-experience/history,0.0000,0.9926
/developers/design-documents/http-authentication/writing-a-spnego-authenticator-for-chrome-on-android,0.0000,0.9927
/developers/code-browsing-in-chromium,0.0000,0.9927
/chromium-os/chromiumos-design-docs/chromium-os-libcros,0.0000,0.9927
/developers/design-documents/extensions/how-the-extension-system-works/chrome-benchmarking-extension,0.0000,0.9927
/developers/design-documents/form-autofill,0.0000,0.9928
/developers/design-documents/rendering-benchmarks,0.0000,0.9928
/chromium-os/meltdown-spectre-vulnerability-status,0.0000,0.9928
/blink/blink-in-js,0.0000,0.9929
/developers/design-documents/chaps-technical-design,0.0000,0.9929
/user-experience/tabs,0.0000,0.9929
/blink/deprecating-features,0.0000,0.9929
/developers/enterprise-changes,0.0000,0.9930
/developers/content-module/content-api,0.0000,0.9930
/developers/how-tos/how-to-set-up-visual-studio-debugger-visualizers,0.0000,0.9930
/chromium-os/build/cros-flash,0.0000,0.9931
/developers/,0.0000,0.9931
/chromium-os/developer-information-for-chrome-os-devices/upstream-coreboot-on-intel-haswell-chromebook,0.0000,0.9931
/events,0.0000,0.9931
/developers/design-documents/network-stack/http-pipelining,0.0000,0.9932
/user-experience/incognito,0.0000,0.9932
/chromium-os/chromiumos-design-docs/autoupdate-details,0.0000,0.9932
/chromium-os/user-experience/settings,0.0000,0.9932
/developers/adding-3rd-party-libraries,0.0000,0.9933
/for-testers/faft,0.0000,0.9933
/updates/schemeful-same-site,0.0000,0.9933
/chromium-os/firmware-porting-guide/1-overview,0.0000,0.9933
/developers/windows-binary-sizes,0.0000,0.9934
/teams/input-dev,0.0000,0.9934
/for-testers/bug-reporting-guidelines/chromium-bug-labels,0.0000,0.9934
/careers,0.0000,0.9934
/chromium-os/how-tos-and-troubleshooting/serial-debugging-howto,0.0000,0.9935
/teams,0.0000,0.9935
/chromium-os/developer-information-for-chrome-os-devices/acer-ac700-chromebook,0.0000,0.9935
/developers/applescript,0.0000,0.9935
/developers/design-documents/oop-iframes/oop-iframes-rendering,0.0000,0.9936
/developers/tech-talk-videos/release-process,0.0000,0.9936
/developers/gyp-environment-variables,0.0000,0.9936
/developers/installer,0.0000,0.9936
/Home/chromium-security/articles/gwp-asan,0.0000,0.9937
/developers/how-tos/mac-development,0.0000,0.9937
/developers/how-tos/debugging-on-os-x,0.0000,0.9937
/administrators/diagnostic-mode,0.0000,0.9937
/developers/design-documents/desktop-notifications,0.0000,0.9938
/developers/design-documents/rendertext,0.0000,0.9938
/blink/coding-style,0.0000,0.9938
/developers/design-documents/extensions/how-the-extension-system-works/i18n,0.0000,0.9938
/chromium-os/testing/autotest-developer-faq,0.0000,0.9939
/chromium-os/testing/moblab/overview-of-moblab,0.0000,0.9939
/chromium-os/user-experience/tab-ui,0.0000,0.9939
/blink/origin-trials/portals,0.0000,0.9939
/developers/sync-diagnostics,0.0000,0.9940
/developers/testing/webkit-layout-tests,0.0000,0.9940
/user-experience/tabs/throbber,0.0000,0.9940
/chromium-os/chromiumos-design-docs/powerwash,0.0000,0.9940
/developers/cpp-in-chromium-101-codelab,0.0000,0.9941
/developers/web-platform-status,0.0000,0.9941
/chromium-os/developer-information-for-chrome-os-devices/workaround-for-battery-discharge-in-dev-mode,0.0000,0.9941
/developers/testing/android-tests,0.0000,0.9941
/for-testers/test-cases,0.0000,0.9941
/administrators/policy-list-3/atomic_groups,0.0000,0.9942
/developers/design-documents/,0.0000,0.9942
/chromium-os/user-experience/content-browser,0.0000,0.9942
/omnibox-history-provider,0.0000,0.9942
/developers/committers-responsibility,0.0000,0.9943
/chromium-os/chromiumos-design-docs/keyboard-controlled-reset-circuit,0.0000,0.9943
/developers/design-documents/rappor,0.0000,0.9943
/chromium-os/chromiumos-design-docs/verified-boot-crypto,0.0000,0.9943
/developers/design-documents/web-nfc,0.0000,0.9944
/developers/how-tos/debugging-on-android,0.0000,0.9944
/developers/design-documents/impl-side-painting,0.0000,0.9944
/chromium-os/firmware-update,0.0000,0.9944
/chromium-os/how-tos-and-troubleshooting/add-a-new-package,0.0000,0.9944
/issue-tracking/release-block-guidelines,0.0000,0.9945
/chromium-os/chromiumos-design-docs/partition-resizing,0.0000,0.9945
/developers/design-documents/idn-in-google-chrome,0.0000,0.9945
/chromium-os/developer-information-for-chrome-os-devices/lg-chromebase-22cv241-w,0.0000,0.9945
/chromium-os/chromiumos-design-docs/chrome-os-volume-keys,0.0000,0.9945
/chromium-os/packages,0.0000,0.9946
/developers/creating-v8-profiling-timeline-plots,0.0000,0.9946
/chromium-os/chromiumos-design-docs/system-notifications,0.0000,0.9946
/developers/design-documents/extensions/how-the-extension-system-works/extension-manifesto,0.0000,0.9946
/developers/libraries-guide,0.0000,0.9946
/chromium-os/build/c-exception-support,0.0000,0.9947
/chromium-os/chromiumos-design-docs/lucid-sleep,0.0000,0.9947
/chromium-os/chromiumos-design-docs/chromium-os-printing-design,0.0000,0.9947
/developers/design-documents/extensions/proposed-changes/apis-under-development,0.0000,0.9947
/developers/design-documents/threading,0.0000,0.9948
/developers/design-documents/compositor-hit-testing,0.0000,0.9948
/blink/guidelines/api-owners,0.0000,0.9948
/developers/androidwebview/webview-ct-bug,0.0000,0.9948
/developers/design-documents/crypto,0.0000,0.9948
/Home/chromium-security/hall-of-fame,0.0000,0.9949
/chromium-os/chromiumos-design-docs/filesystem-autoupdate-supplements,0.0000,0.9949
/developers/deep-memory-profiler,0.0000,0.9949
/chromium-os/user-experience/window-management,0.0000,0.9949
/blink/blink-gc,0.0000,0.9949
/developers/design-documents/find-bar,0.0000,0.9950
/developers/irc,0.0000,0.9950
/user-experience/find-in-page,0.0000,0.9950
/developers/testing/gpu-testing,0.0000,0.9950
/developers/design-documents/indexeddb,0.0000,0.9950
/developers/design-documents/os-x-password-manager-keychain-integration,0.0000,0.9950
/for-testers/installer/installer--basic-testing,0.0000,0.9951
/developers/rendering-performance-case-study-1,0.0000,0.9951
/spdy/,0.0000,0.9951
/spdy/spdy-protocol/spdy-protocol-draft3-1,0.0000,0.9951
/developers/how-tos/chromium-modularization,0.0000,0.9951
/developers/design-documents/sandbox/Sandbox-FAQ,0.0000,0.9952
/developers/sublime-text,0.0000,0.9952
/developers/design-documents/applescript,0.0000,0.9952
/developers/how-tos/component-build,0.0000,0.9952
/chromium-os/testing/running-smoke-suite-on-a-vm-image,0.0000,0.9952
/developers/design-documents/chromium-graphics/debugging-with-nsight,0.0000,0.9952
/user-experience/infobars,0.0000,0.9953
/chromium-os/how-tos-and-troubleshooting/debugging-tips/host-file-access,0.0000,0.9953
/devtools/capturing-a-timeline-trace,0.0000,0.9953
/servicification,0.0000,0.9953
/developers/design-documents/extensions/proposed-changes/apis-under-development/systeminfo,0.0000,0.9953
/nativeclient/pnacl/introduction-to-portable-native-client,0.0000,0.9954
/chromium-os/how-tos-and-troubleshooting/get-a-3g-modem-running,0.0000,0.9954
/spdy/spdy-protocol,0.0000,0.9954
/blink/web-workers,0.0000,0.9954
/developers/design-documents/chromium-graphics/surfaces,0.0000,0.9954
/chromium-os/developer-guide/disk-layout-format,0.0000,0.9954
/user-experience/resolution-independence,0.0000,0.9955
/chromium-os/testing/test-suites,0.0000,0.9955
/developers/design-documents/sync/syncable-service-api,0.0000,0.9955
/blink/runtime-enabled-features,0.0000,0.9955
/developers/design-documents/extensions/proposed-changes/apis-under-development/webrtc-tab-content-capture,0.0000,0.9955
/developers/leak-detection,0.0000,0.9955
/chromium-os/licensing,0.0000,0.9956
/developers/diagnostics/gcf_troubleshooting,0.0000,0.9956
/chromium-os/how-tos-and-troubleshooting/mainline-kernel-on-kevin-chromebook-plus,0.0000,0.9956
/developers/design-documents/aura/views,0.0000,0.9956
/developers/design-documents/blink-coordinate-spaces,0.0000,0.9956
/developers/generated-files,0.0000,0.9956
/developers/telemetry,0.0000,0.9957
/chromium-os/ec-development/getting-started-building-ec-images-quickly,0.0000,0.9957
/chromium-os/testing/test-code-labs/server-side-test,0.0000,0.9957
/Home/chromium-security/security-reviews,0.0000,0.9957
/Home/chromium-security/enamel/goals-for-the-origin-info-bubble,0.0000,0.9957
/chromium-os/licensing/building-a-distro,0.0000,0.9957
/Home/loading/oor-cors,0.0000,0.9958
/chromium-os/developer-information-for-chrome-os-devices/cr-48-chrome-notebook-developer-information/how-to-boot-ubuntu-on-a-cr-48,0.0000,0.9958
/developers/design-documents/sync/unified-sync-and-storage-overview,0.0000,0.9958
/chromium-os/user-experience/system-status-icons,0.0000,0.9958
/chromium-os/how-tos-and-troubleshooting/network-based-development,0.0000,0.9958
/developers/change-logs,0.0000,0.9958
/blink/platform-predictability,0.0000,0.9958
/developers/accessibility,0.0000,0.9959
/developers/extensions-deployment-faq,0.0000,0.9959
/chromium-os/ccd,0.0000,0.9959
/developers/design-documents/automaticspellingcorrection,0.0000,0.9959
/developers/testing/frame-rate-test,0.0000,0.9959
/user-experience/visual-design,0.0000,0.9959
/developers/androidwebview/android-webview-beta,0.0000,0.9960
/spdy/link-headers-and-server-hint,0.0000,0.9960
/chromium-os/testing/autotest-user-doc,0.0000,0.9960
/chromium-os/testing/building-and-running-tests,0.0000,0.9960
/testing-chrome-ad-filtering,0.0000,0.9960
/developers/testing/android-tests/testing-android-code-that-crosses-the-c-java-boundary,0.0000,0.9960
/administrators/installation,0.0000,0.9960
/Home/chromium-security/certificate-transparency,0.0000,0.9961
/administrators/guide-for-chrome-os-saml-sso-smart-card-integration,0.0000,0.9961
/blink/blink-network-stack,0.0000,0.9961
/developers/design-documents/extensions/proposed-changes/apis-under-development/executecontentscript-proposal,0.0000,0.9961
/chromium-os/user-experience/form-factors,0.0000,0.9961
/blink/guidelines/web-exposed,0.0000,0.9961
/x-subresources,0.0000,0.9961
/android/contributing-to-drm_hwcomposer,0.0000,0.9962
/chromium-os/how-tos-and-troubleshooting/force-out-of-box-experience-oobe,0.0000,0.9962
/developers/design-documents/aura/aura-and-shell-dependencies,0.0000,0.9962
/developers/testing/try-server-usage,0.0000,0.9962
/developers/design-documents/extensions/how-the-extension-system-works/api-pattern-design-doc,0.0000,0.9962
/developers/how-tos/leak-gdi-object-in-windows,0.0000,0.9962
/spdy/spdy-tools-and-debugging,0.0000,0.9962
/developers/design-documents/idl-build,0.0000,0.9963
/developers/design-documents/extensions/proposed-changes/apis-under-development/clear,0.0000,0.9963
/developers/testing/time-complexity-tests,0.0000,0.9963
/chromium-os/how-tos-and-troubleshooting/building-chromium-browser/chrome-api-keys-in-the-chroot,0.0000,0.9963
/developers/how-tos/enterprise/adding-new-policies,0.0000,0.9963
/chromium-os/how-tos-and-troubleshooting/using-the-dev-server,0.0000,0.9963
/chromium-os/ec-development/charge-manager,0.0000,0.9963
/Home/chromium-security/education,0.0000,0.9964
/developers/design-documents/extensions/how-the-extension-system-works/accessibility,0.0000,0.9964
/developers/testing/android-tests/android-webview-tests,0.0000,0.9964
/user-experience/multitouch,0.0000,0.9964
/chromium-os/user-experience/opensave-dialogs,0.0000,0.9964
/Home/chromium-security/owp,0.0000,0.9964
/blink/platform-predictability/compat-tools,0.0000,0.9964
/chromium-os/security-advisories,0.0000,0.9964
/developers/how-tos/using-drmemory,0.0000,0.9965
/developers/how-tos/get-the-code/working-with-nested-repos,0.0000,0.9965
/developers/u-boot,0.0000,0.9965
/developers/updating-webui-for-material-design,0.0000,0.9965
/sts,0.0000,0.9965
/user-experience/notifications,0.0000,0.9965
/chromium-os/how-tos-and-troubleshooting/chromiumos-architecture-porting-guide,0.0000,0.9965
/developers/design-documents/aura/focus-and-activation,0.0000,0.9966
/devtools/google-chrome-developer-tools-tutorial,0.0000,0.9966
/developers/contributing-code/direct-commit,0.0000,0.9966
/blink/intent-security-triage,0.0000,0.9966
/developers/design-documents/extensions/proposed-changes/apis-under-development/input-method-editor,0.0000,0.9966
/developers/design-documents/extensions/proposed-changes/apis-under-development/text-translate-api,0.0000,0.9966
/developers/telemetry/profiling,0.0000,0.9966
/developers/design-documents/constrained-popup-windows,0.0000,0.9966
/developers/how-tos/trace-event-profiling-tool/anatomy-of-jank,0.0000,0.9967
/developers/design-documents/64-bit-support,0.0000,0.9967
/user-experience/bookmarklets,0.0000,0.9967
/developers/design-documents/appmode-mac,0.0000,0.9967
/developers/testing/addresssanitizer,0.0000,0.9967
/Home/chromium-security/reviews-and-consulting,0.0000,0.9967
/developers/design-documents/structure-of-layered-components-within-the-chromium-codebase,0.0000,0.9967
/chromium-os/user-experience/panels,0.0000,0.9967
/developers/testing/flakiness-dashboard,0.0000,0.9968
/spdy/spdy-protocol/spdy-protocol-draft2,0.0000,0.9968
/chromium-os/how-tos-and-troubleshooting/building-factory-test-images,0.0000,0.9968
/blink/guidelines/api-owners/requirements,0.0000,0.9968
/developers/design-documents/extensions/proposed-changes/apis-under-development/auto-install-of-android-companion-extensions,0.0000,0.9968
/blink/activedomobject,0.0000,0.9968
/chromium-os/how-tos-and-troubleshooting/measuring-boot-time-performance,0.0000,0.9968
/chromium-os/testing/collecting-stats-for-graphite,0.0000,0.9968
/for-testers/frontend-testing,0.0000,0.9969
/chromium-os/chromiumos-design-docs/chrome-os-performance-overview,0.0000,0.9969
/developers/how-tos/trace-event-profiling-tool/saving-skp-s-from-chromium,0.0000,0.9969
/developers/testing/webkit-layout-tests/content-shell,0.0000,0.9969
/developers/tools-we-use-in-chromium/grit,0.0000,0.9969
/developers/design-documents/aura/layout-managers,0.0000,0.9969
/developers/design-documents/multi-column-layout,0.0000,0.9969
/developers/how-tos/debugging-on-windows/graphics-debugging-in-visual-studio-2013,0.0000,0.9969
/developers/accessibility/windows-accessibility,0.0000,0.9969
/throttling/anti-ddos-http-throttling-in-older-versions-of-chrome,0.0000,0.9970
/chromium-os/python-style-guidelines,0.0000,0.9970
/developers/design-documents/network-stack/network-stack-objectives,0.0000,0.9970
/developers/how-tos/cscope-emacs-example-linux-setup,0.0000,0.9970
/teams/layout-team,0.0000,0.9970
/blink/when-will-a-fix-ship-in-chrome-stable-or-canary,0.0000,0.9970
/developers/how-tos/get-the-code/gclient-managed-mode,0.0000,0.9970
/Home/chromium-security/education/security-tips-for-crx-and-apps,0.0000,0.9970
/spdy/spdy-protocol/spdy-protocol-draft3,0.0000,0.9971
/developers/markdown-documentation,0.0000,0.9971
/chromium-os/how-tos-and-troubleshooting/chromiumos-board-porting-guide/private-boards,0.0000,0.9971
/chromium-os/chromiumos-design-docs/chrome-os-battery-life-overview,0.0000,0.9971
/chromium-os/developer-information-for-chrome-os-devices/samsung-sandy-bridge/coreboot-vmx-hack,0.0000,0.9971
/developers/contributing-code/-bug-syntax,0.0000,0.9971
/developers/design-documents/extensions/proposed-changes/apis-under-development/panels,0.0000,0.9971
/teams/devtools,0.0000,0.9971
/user-experience/ui-strings,0.0000,0.9971
/chromium-os/chromiumos-design-docs/hardening-against-malicious-stateful-data,0.0000,0.9972
/chromium-os/how-tos-and-troubleshooting/mainline-kernel-on-kevin-chromebook-plus/chrome-os-mainline-kernel-on-kevin-chromebook-plus,0.0000,0.9972
/developers/design-documents/network-stack/network-stack-use-in-chromium,0.0000,0.9972
/developers/memory-bloat,0.0000,0.9972
/developers/contributing-code/external-contributor-checklist,0.0000,0.9972
/developers/tech-talk-videos,0.0000,0.9972
/developers/finding-somebody-who-knows-how-a-piece-of-code-works,0.0000,0.9972
/administrators/log-messages,0.0000,0.9972
/developers/tree-sheriffs/sheriff-details-chromium,0.0000,0.9972
/Home/chromium-security/security-bug-lifecycle,0.0000,0.9973
/chromium-os/obsolete/using-sdk-standalone,0.0000,0.9973
/developers/design-documents/aura/event-handling,0.0000,0.9973
/developers/how-tos/debugging-on-windows/example-of-working-with-a-dump,0.0000,0.9973
/developers/recent-changes-credential-management-api,0.0000,0.9973
/developers/web-development-style-guide,0.0000,0.9973
/blink/blink-api-owners-requirements,0.0000,0.9973
/developers/design-documents/native-controls,0.0000,0.9973
/developers/how-tos/submitting-a-performance-bug,0.0000,0.9973
/developers/testing/chromium-build-infrastructure,0.0000,0.9973
/chromium-os/chromiumos-design-docs/chromium-os-cgroups,0.0000,0.9974
/chromium-os/extracting-a-recovery-kernel-from-a-recovery-image,0.0000,0.9974
/chrome-os-devices-and-kernel-versions,0.0000,0.9974
/chromium-os/how-tos-and-troubleshooting/llvm-clang-build,0.0000,0.9974
/developers/design-documents/network-stack/disk-cache/disk-cache-benchmarking,0.0000,0.9974
/chromium-os/developer-guide/using-serial-tty,0.0000,0.9974
/chromium-os/testing/common-testing-workflows,0.0000,0.9974
/chromium-os/testing/test-lab-setup,0.0000,0.9974
/blink/v8-bindings,0.0000,0.9974
/chromium-os/ec-development/stack-size-analyzer,0.0000,0.9974
/chromium-os/developer-information-for-chrome-os-devices/acer-c910-chromebook,0.0000,0.9975
/chromium-os/build/faq,0.0000,0.9975
/chromium-os/how-tos-and-troubleshooting/a-brief-perf-how-to,0.0000,0.9975
/developers/testing/multi-process-ram-usage-analysis-on-android,0.0000,0.9975
/for-testers/saft,0.0000,0.9975
/developers/design-documents/service-processes,0.0000,0.9975
/for-testers/frontend-testing/spell-check/spell-check--basic-testing,0.0000,0.9975
/nativeclient/how-tos/building-and-testing-gcc-and-gnu-binutils,0.0000,0.9975
/chromium-os/how-tos-and-troubleshooting/debugging-tips/target-serial-access,0.0000,0.9975
/chromium-os/how-tos-and-troubleshooting/git-troubleshooting,0.0000,0.9975
/developers/design-documents/auto-throttled-screen-capture-and-mirroring,0.0000,0.9976
/network-speed-experiments,0.0000,0.9976
/Home/chromium-security/pdfium-security,0.0000,0.9976
/blink/memory-team,0.0000,0.9976
/chromium-os/how-tos-and-troubleshooting/helper-scripts,0.0000,0.9976
/developers/coding-style/java,0.0000,0.9976
/developers/design-documents/image-filters,0.0000,0.9976
/developers/tools-we-use-in-chromium,0.0000,0.9976
/chromium-os/how-tos-and-troubleshooting/working-on-a-branch,0.0000,0.9976
/developers/design-documents/omnibox-prefetch-for-default-search-engines,0.0000,0.9976
/blink/guidelines/api-owners/procedures,0.0000,0.9977
/developers/design-documents/extensions/proposed-changes/apis-under-development/processes-api,0.0000,0.9977
/chromium-os/developer-information-for-chrome-os-devices/acer-c670-chromebook,0.0000,0.9977
/chromium-os/testing/test-code-labs/autotest-client-tests/basic-ebuild-troubleshooting,0.0000,0.9977
/developers/design-documents/google-cloud-print-proxy-design,0.0000,0.9977
/developers/design-documents/network-stack/preconnect,0.0000,0.9977
/developers/github-collaboration,0.0000,0.9977
/developers/owners-files,0.0000,0.9977
/developers/testing/adding-performance-tests,0.0000,0.9977
/developers/using-eclipse-with-chromium,0.0000,0.9977
/getting-involved/,0.0000,0.9977
/teams/dom-team,0.0000,0.9978
/blink/spec-mentors,0.0000,0.9978
/chromium-os/how-tos-and-troubleshooting/create-a-cl,0.0000,0.9978
/developers/accessibility/testing/axe-core,0.0000,0.9978
/developers/how-tos/gpu-overdraw-debugging-tool,0.0000,0.9978
/user-experience/status-bubble,0.0000,0.9978
/chromium-os/build/local-trybot-documentation,0.0000,0.9978
/chromium-os/build/bypassing-tests-on-a-per-project-basis,0.0000,0.9978
/audio-video/autoplay/autoplay-pre-seeding-in-chrome,0.0000,0.9978
/developers/telemetry/record_a_page_set,0.0000,0.9978
/administrators/policy-list-3/cookie-legacy-samesite-policies/,0.0000,0.9979
/chromium-os/packages/implicit-system,0.0000,0.9979
/chromium-os/forced-re-enrollment,0.0000,0.9979
/developers/design-documents/aura/multi-desktop,0.0000,0.9979
/quic/parse-client-hello,0.0000,0.9979
/issue-tracking/tips-and-tricks,0.0000,0.9979
/chromium-os/gentoo-package-upgrade-process,0.0000,0.9979
/chromium-os/twinkie/build-sigrok-and-pulseview-from-sources,0.0000,0.9979
/developers/design-documents/generic-sensor,0.0000,0.9979
/developers/design-documents/java-resources-on-android,0.0000,0.9979
/developers/using-atom-as-your-ide,0.0000,0.9979
/spdy/spdy-authentication,0.0000,0.9979
/chromium-os/chromeos-graphics-reading-list,0.0000,0.9980
/chromium-os/chromiumos-design-docs/chromium-os-kernel/submitting-patches,0.0000,0.9980
/chromium-os/how-tos-and-troubleshooting/creating-local-mirrors,0.0000,0.9980
/chromium-os/how-tos-and-troubleshooting/nfs-quickstart,0.0000,0.9980
/developers/design-documents/extensions/proposed-changes/apis-under-development/context-menu-api,0.0000,0.9980
/chromium-os/servo/servov4,0.0000,0.9980
/developers/design-documents/layered-components-technical-approach,0.0000,0.9980
/developers/how-tos/debugging-gpu-related-code,0.0000,0.9980
/Home/chromium-security/ipc-security-reviews,0.0000,0.9980
/blink/guidelines,0.0000,0.9980
/blink/serviceworker,0.0000,0.9980
/chromium-os/build/cbuildbot-overview,0.0000,0.9981
/chromium-os/getting-started-with-glmark2,0.0000,0.9981
/chromium-os/obsolete/monitoring-tools,0.0000,0.9981
/developers/contributing-code/minimizing-review-lag-across-time-zones,0.0000,0.9981
/developers/design-documents/advancedspellchecker,0.0000,0.9981
/developers/design-documents/experiments,0.0000,0.9981
/developers/mandoline/build,0.0000,0.9981
/developers/testing/webgl-conformance-tests,0.0000,0.9981
/nativeclient/how-tos/debugging-documentation,0.0000,0.9981
/chromium-os/build/builder-overview,0.0000,0.9981
/developers/design-documents/web-midi,0.0000,0.9981
/chromium-os/testing/adding-unit-tests-to-the-build,0.0000,0.9981
/chromium-os/testing/autotest-developer-faq/setup-autotest-server,0.0000,0.9982
/developers/how-tos/enterprise/running-the-cloud-policy-test-server,0.0000,0.9982
/chromium-os/build/improving-build-times,0.0000,0.9982
/developers/testing/isolated-testing/deterministic-builds,0.0000,0.9982
/developers/design-documents/directwrite-font-cache,0.0000,0.9982
/issue-tracking/creating-a-bug-template-url,0.0000,0.9982
/spdy/spdy-protocol/spdy-protocol-draft1,0.0000,0.9982
/chromium-os/ec-development/ec-image-geometry-spec,0.0000,0.9982
/developers/telemetry/telemetry-mac-keychain-setup,0.0000,0.9982
/chromium-os/how-tos-and-troubleshooting/kernel-rebase-notes,0.0000,0.9982
/developers/class-diagram-webkit-webcore-to-chrome-browser,0.0000,0.9982
/developers/mus-ash,0.0000,0.9982
/developers/testing/commit-queue/design,0.0000,0.9982
/chromium-os/testing/chamelium-audio-board,0.0000,0.9983
/chromium-os/testing/moblab/cpcon-release-notes,0.0000,0.9983
/developers/design-documents/extensions/proposed-changes,0.0000,0.9983
/geforce-now-on-chromebooks,0.0000,0.9983
/blink/importing-the-w3c-tests,0.0000,0.9983
/chromium-os/developer-information-for-chrome-os-devices/h2c-firmware,0.0000,0.9983
/chromium-os/how-tos-and-troubleshooting/visualizing-the-rootfs,0.0000,0.9983
/chromium-os/python-mock,0.0000,0.9983
/developers/design-documents/extensions/how-the-extension-system-works/docs,0.0000,0.9983
/developers/design-documents/layout-tests-results-dashboard,0.0000,0.9983
/developers/design-documents/mac-occlusion,0.0000,0.9983
/developers/design-documents/android-jni,0.0000,0.9983
/developers/tools-we-use-in-chromium/grit/grit-design-overview,0.0000,0.9983
/blink/serviceworker/testing,0.0000,0.9984
/chromium-os/how-tos-and-troubleshooting/extension-support-for-app-webviews,0.0000,0.9984
/july-2021---new-features-fixit-stability-security-fixes-interop-fixes-and-more,0.0000,0.9984
/developers/design-documents/about-conflicts,0.0000,0.9984
/user-experience/options,0.0000,0.9984
/chromium-os/gfx-test-notes,0.0000,0.9984
/chromium-os/ec-development/usb-low-power-boot,0.0000,0.9984
/chromium-os/firmware-porting-guide/fmap,0.0000,0.9984
/developers/design-documents/extensions/proposed-changes/apis-under-development/font-settings,0.0000,0.9984
/developers/design-documents/extensions/proposed-changes/apis-under-development/managed-storage-api,0.0000,0.9984
/developers/design-documents/extensions/proposed-changes/apis-under-development/settings_pages,0.0000,0.9984
/developers/tree-sheriffs/sheriff-o-matic,0.0000,0.9984
/developers/updating-webui-for-material-design/settings-material-design,0.0000,0.9984
/issue-tracking/requesting-a-component-or-label,0.0000,0.9984
/spdy/link-headers-and-server-hint/link-rel-subresource,0.0000,0.9985
/spdy/spdy-best-practices,0.0000,0.9985
/blink/sheriffing,0.0000,0.9985
/developers/design-documents/extensions/proposed-changes/apis-under-development/preference-api,0.0000,0.9985
/chromium-os/developer-guide/developer-workflow,0.0000,0.9985
/developers/design-documents/aura/client-api,0.0000,0.9985
/android/drm_hwcomposer-overview,0.0000,0.9985
/blink/launching-features/let-developers-know,0.0000,0.9985
/developers/design-documents/extensions/proposed-changes/apis-under-development/language-detection,0.0000,0.9985
/developers/design-documents/iosurface-meeting-notes,0.0000,0.9985
/developers/design-documents/sane-time,0.0000,0.9985
/user-experience/downloads-1,0.0000,0.9985
/developers/design-documents/ui-localization/mac-notes,0.0000,0.9985
/developers/design-documents/webnavigation-api-internals,0.0000,0.9985
/Home/memory,0.0000,0.9986
/Home/chromium-security/bugs/using-clusterfuzz,0.0000,0.9986
/chromium-os/build/chroot_version_hooks,0.0000,0.9986
/developers/how-tos/get-the-code/multiple-working-directories,0.0000,0.9986
/developers/testing/chrome-test-apis,0.0000,0.9986
/chromium-os/servo/servomicro,0.0000,0.9986
/chromium-os/twinkie/older-sigrok-packages,0.0000,0.9986
/spdy/http2,0.0000,0.9986
/flag-ownership,0.0000,0.9986
/Home/chromium-security/security-sheriff,0.0000,0.9986
/home/chromium-security,0.0000,0.9986
/chromium-os/developer-information-for-chrome-os-devices/,0.0000,0.9986
/developers/design-documents/extensions/proposed-changes/apis-under-development/bluetooth-extension-api,0.0000,0.9986
/developers/design-documents/extensions/proposed-changes/spellcheck-api,0.0000,0.9986
/developers/design-documents/os-x-interprocess-communication,0.0000,0.9986
/developers/design-documents/ui-mirroring-infrastructure,0.0000,0.9987
/developers/testing/chromium-build-infrastructure/performance-test-plots,0.0000,0.9987
/developers/testing/page-heap-for-chrome,0.0000,0.9987
/teams/animations/animation-objectives,0.0000,0.9987
/chromium-os/ec-development/ap-ec-communication,0.0000,0.9987
/developers/contributing-code/watchlists,0.0000,0.9987
/developers/crash-reports/crash-with-invalid-handle,0.0000,0.9987
/developers/design-documents/extensions/how-the-extension-system-works/docs/how-docs-are-served,0.0000,0.9987
/x-subresources/x-subresources-1,0.0000,0.9987
/Home/domui-testing/webui-browser_tests,0.0000,0.9987
/chromium-os/chromiumos-design-docs/text-input/syncing-input-methods,0.0000,0.9987
/chromium-os/how-tos-and-troubleshooting/portage-build-faq,0.0000,0.9987
/developers/accessibility/mac-accessibility,0.0000,0.9987
/developers/design-documents/downloadmanagersequences,0.0000,0.9987
/developers/design-documents/extensions/proposed-changes/apis-under-development/settings,0.0000,0.9987
/developers/how-tos/trace-event-profiling-tool/memory/startup-tracing-with-memory-profiling,0.0000,0.9988
/developers/pepper-api-best-practices,0.0000,0.9988
/developers/testing/no-compile-tests,0.0000,0.9988
/Home/chromium-security/strict-origin-isolation-trial,0.0000,0.9988
/blink/removing-features,0.0000,0.9988
/developers/design-documents/extensions/proposed-changes/extension-system-changes/breaking-changes,0.0000,0.9988
/teams/paint-team,0.0000,0.9988
/Home/chromium-security/chromium-and-emet,0.0000,0.9988
/Home/chromium-security/pwnium-4,0.0000,0.9988
/developers/experimental-branches,0.0000,0.9988
/chromium-os/build/using-remote-trybots,0.0000,0.9988
/blink/blink-triaging,0.0000,0.9988
/administrators/err_eset_anti_virus_ssl_interception,0.0000,0.9988
/chromium-os/testing/autotest-design-patterns,0.0000,0.9988
/chromium-os/testing/test-code-labs/autotest-client-tests/autotest-results-logs,0.0000,0.9988
/developers/code-coverage,0.0000,0.9988
/developers/testing/isolated-testing/for-swes,0.0000,0.9988
/nativeclient/pnacl/developing-pnacl,0.0000,0.9989
/updates/same-site/incompatible-clients/,0.0000,0.9989
/blink/launching-features/how-chrome-status-communicates,0.0000,0.9989
/user-experience/omnibox/omnibox-bug-triage-process,0.0000,0.9989
/developers/design-documents/instant/instant-support,0.0000,0.9989
/developers/how-tos/run-mojo-shell,0.0000,0.9989
/developers/design-documents/extensions/proposed-changes/extension-system-changes/install-dialog-2,0.0000,0.9989
/issue-tracking/editing-components,0.0000,0.9989
/developers/design-documents/accessibility/tracker,0.0000,0.9989
/omnibox-history-provider/caching,0.0000,0.9989
/teams/animations/highlights-archive,0.0000,0.9989
/chromium-os/build/tour-of-the-chromiumos-buildbot,0.0000,0.9989
/chromium-os/chromiumos-design-docs/library-optimization,0.0000,0.9989
/chromium-os/testing/test-code-labs/dynamic-suite-codelab,0.0000,0.9989
/developers/design-documents/aura/gesture-recognizer,0.0000,0.9989
/developers/design-documents/extensions/proposed-changes/apis-under-development/downloads-api,0.0000,0.9989
/developers/design-documents/threading/suble-threading-bugs-and-patterns-to-avoid-them,0.0000,0.9989
/developers/new-features,0.0000,0.9990
/developers/updating-webui-for-material-design/testing-webui-with-mocha,0.0000,0.9990
/developers/accessibility/html-accessibility,0.0000,0.9990
/audio-video/autoplay/autoplay-policy-design-rationale,0.0000,0.9990
/developers/design-documents/extensions/proposed-changes/apis-under-development/usb-api,0.0000,0.9990
/developers/testing/isolated-testing/infrastructure,0.0000,0.9990
/developers/design-documents/sync/sync-data-best-practices,0.0000,0.9990
/chromium-os/developer-information-for-chrome-os-devices/lenovo-chromebook-n20,0.0000,0.9990
/chromium-os/packages/crash-reporting/stack-traces-from-chrome-os-crash-dumps,0.0000,0.9990
/chromium-os/build/cros-deploy,0.0000,0.9990
/chromium-os/how-tos-and-troubleshooting/upgrade-ebuild-eapis,0.0000,0.9990
/chromium-os/packages/power_manager/keyboard-backlight,0.0000,0.9990
/developers/how-tos/,0.0000,0.9990
/developers/triggered-reset-api,0.0000,0.9990
/teams/binding-team,0.0000,0.9990
/chromium-os/user-experience/shelf,0.0000,0.9990
/developers/design-documents/bluetooth-design-docs/web-bluetooth-through-bluetooth-android-class-diagram,0.0000,0.9990
/chromium-os/how-tos-and-troubleshooting/using-the-dev-server/xbuddy-for-devserver,0.0000,0.9990
/teams/animations,0.0000,0.9990
/developers/accessibility/linux-accessibility,0.0000,0.9991
/developers/accessibility/testing/automated-testing/ax-inspect,0.0000,0.9991
/Home/chromium-security/pwnium-2,0.0000,0.9991
/user-experience/screen-reader-support,0.0000,0.9991
/blink/unittesting,0.0000,0.9991
/chromium-os/chromiumos-design-docs/open-network-configuration,0.0000,0.9991
/chromium-os/testing/perf-regression-detection,0.0000,0.9991
/developers/design-documents/encrypted-partition-recovery,0.0000,0.9991
/developers/design-documents/extensions/proposed-changes/apis-under-development/window-management,0.0000,0.9991
/developers/design-documents/idl-compiler,0.0000,0.9991
/developers/design-documents/isolated-sites,0.0000,0.9991
/developers/telemetry/upload_to_cloud_storage,0.0000,0.9991
/developers/design-documents/extensions/proposed-changes/apis-under-development/desktop-notification-api,0.0000,0.9991
/developers/f-script-anywhere,0.0000,0.9991
/blink/guidelines/web-platform-changes-process,0.0000,0.9991
/developers/contributing-code/flag-ownership,0.0000,0.9991
/developers/testing/commit-queue,0.0000,0.9991
/developers/testing/control-flow-integrity/overhead,0.0000,0.9991
/nativeclient/how-tos/debugging-documentation/debugging-with-debug-stub-recommended/debugging-nacl-apps-in-chrome-os,0.0000,0.9991
/developers/design-documents/per-page-suborigins,0.0000,0.9991
/Home/chromium-security/certificate-transparency/log-policy,0.0000,0.9992
/blink/serviceworker/getting-started,0.0000,0.9992
/developers/cluster-telemetry,0.0000,0.9992
/developers/how-tos/enterprise,0.0000,0.9992
/developers/how-tos/vectorized-icons-in-native-chrome-ui,0.0000,0.9992
/developers/memory_watcher,0.0000,0.9992
/developers/testing/windows-installer-tests,0.0000,0.9992
/nativeclient/how-tos/exception-handling-interface,0.0000,0.9992
/blink/dom-exceptions,0.0000,0.9992
/chromium-os/how-tos-and-troubleshooting/working-with-your-overlay-faq,0.0000,0.9992
/developers/design-documents/extensions/proposed-changes/extension-system-changes,0.0000,0.9992
/developers/meet-the-web-platform-companion,0.0000,0.9992
/chromium-os/user-experience/form-factors/tablet,0.0000,0.9992
/developers/design-documents/aura/ash-color-chooser,0.0000,0.9992
/developers/checkstyle,0.0000,0.9992
/chromium-os/developer-guide/beaglebone,0.0000,0.9992
/chromium-os/packages/power_manager,0.0000,0.9992
/developers/about-signin-internals,0.0000,0.9992
/developers/coding-style/cocoa-dos-and-donts,0.0000,0.9992
/developers/design-documents/printing,0.0000,0.9992
/developers/how-tos/debugging-on-os-x/building-with-ninja-debugging-with-xcode,0.0000,0.9992
/developers/mandoline,0.0000,0.9993
/developers/profiling-flame-graphs,0.0000,0.9993
/developers/rtl-in-webkit,0.0000,0.9993
/developers/web-platform-status/forms,0.0000,0.9993
/Home/chromium-security/boringssl/contributing,0.0000,0.9993
/developers/design-documents/command-dispatch-mac,0.0000,0.9993
/developers/design-documents/high-dpi-resources,0.0000,0.9993
/developers/design-documents/tab-strip-mac,0.0000,0.9993
/nativeclient/reference/anatomy-of-a-sys,0.0000,0.9993
/developers/design-documents/extensions/proposed-changes/apis-under-development/offscreen-tabs,0.0000,0.9993
/chromium-os/packages/crash-reporting,0.0000,0.9993
/chromium-os/shell-style-guidelines,0.0000,0.9993
/developers/accessibility/testing,0.0000,0.9993
/developers/accessibility/testing/automated-testing,0.0000,0.9993
/developers/design-documents/omnibox-ime-coordination,0.0000,0.9993
/blink/blink-testing-and-the-w3c,0.0000,0.9993
/chromium-os/build/chromite-parallel,0.0000,0.9993
/chromium-os/chromiumos-design-docs/ec-3po,0.0000,0.9993
/developers/design-documents/directwrite-font-proxy,0.0000,0.9993
/developers/design-documents/extensions/proposed-changes/apis-under-development/profile-extension-api,0.0000,0.9993
/developers/design-documents/time-safety-and-readability,0.0000,0.9993
/developers/slickedit-editor-notes,0.0000,0.9993
/developers/testing/instrumented-libraries-for-dynamic-tools,0.0000,0.9993
/teams/device-team,0.0000,0.9993
/chromium-os/how-tos-and-troubleshooting/kernel-faq,0.0000,0.9994
/developers/updating-webui-for-material-design/testing-asynchronous-ui,0.0000,0.9994
/for-testers/frontend-testing/constrained-windows,0.0000,0.9994
/blink/webidl/blink-idl-extended-attributes,0.0000,0.9994
/chromium-os/how-tos-and-troubleshooting/debugging-tips/setting-up-tcpdump,0.0000,0.9994
/developers/crash-reports/handle-file-upload-scheme,0.0000,0.9994
/developers/design-documents/aura/system-tray,0.0000,0.9994
/developers/shutdown,0.0000,0.9994
/developers/telemetry/running-telemetry-on-chrome-os,0.0000,0.9994
/developers/testing/fuzzers,0.0000,0.9994
/Home/,0.0000,0.9994
/blink/guidelines/values,0.0000,0.9994
/chromium-os/chromiumos-design-docs/firmware-updates,0.0000,0.9994
/developers/design-documents/extensions/proposed-changes/apiwishlist,0.0000,0.9994
/developers/design-documents/oop-iframes/framehandle,0.0000,0.9994
/developers/how-tos/using-r-to-reduce-page-cycler-regressions,0.0000,0.9994
/developers/tree-sheriffs/perf-sheriffs,0.0000,0.9994
/nativeclient/getting-started,0.0000,0.9994
/nativeclient/reference/external-resource-directory,0.0000,0.9994
/user-experience/feed-subscriptions,0.0000,0.9994
/developers/accessibility/webui-accessibility-audit,0.0000,0.9994
/developers/telemetry/telemetry-feature-guidelines,0.0000,0.9994
/Home/chromium-security/symantec-legacy-pki,0.0000,0.9994
/chromium-os/external-bsp-hosting,0.0000,0.9994
/chromium-os/obsolete/energy-aware-scheduling,0.0000,0.9994
/chromium-os/platform,0.0000,0.9994
/developers/accessibility/views-accessibility,0.0000,0.9994
/developers/calendar/,0.0000,0.9995
/developers/deep-memory-profiler/cpp-object-type-identifier,0.0000,0.9995
/developers/design-documents/form-autofill/internationalization-of-autofill,0.0000,0.9995
/developers/design-documents/generic-theme-for-test-shell,0.0000,0.9995
/developers/design-documents/idealized-mediastream-design,0.0000,0.9995
/developers/design-documents/views-rect-based-targeting,0.0000,0.9995
/developers/how-tos/optimizing-energy-consumption,0.0000,0.9995
/developers/testing/adding-tests-to-the-main-waterfall,0.0000,0.9995
/nativeclient/how-tos/debugging-documentation/debugging-with-debug-stub-recommended/getting-started-with-debug-stub,0.0000,0.9995
/nativeclient/pnacl,0.0000,0.9995
/teams/style-team,0.0000,0.9995
/blink/blink-post-merge-faq,0.0000,0.9995
/blink/coding-style/layout-test-style-guidelines,0.0000,0.9995
/blink/guidelines/blink-api-owners-requirements,0.0000,0.9995
/blink/how-repaint-works,0.0000,0.9995
/developers/Web-page-views,0.0000,0.9995
/teams/input-dev/input-objectives,0.0000,0.9995
/developers/design-documents/extensions/proposed-changes/apis-under-development/media-gallery,0.0000,0.9995
/flash-roadmap/deprecating-wildcards,0.0000,0.9995
/for-testers/frontend-testing/spell-check,0.0000,0.9995
/developers/design-documents/chromium-graphics/mac-delegated-rendering,0.0000,0.9995
/platform-privacy,0.0000,0.9995
/chromium-projects/,0.0000,0.9995
/developers/design-documents/cookie-split-loading,0.0000,0.9995
/developers/design-documents/network-stack/http-authentication-throttling,0.0000,0.9995
/developers/design-documents/network-stack/network-bug-triage/downloads-bug-triage,0.0000,0.9995
/developers/webkit-core-projects,0.0000,0.9995
/nativeclient/how-tos/3d-tips-and-best-practices,0.0000,0.9995
/teams/paint-team/okrs,0.0000,0.9995
/blink/slimming-paint/historical-documents,0.0000,0.9995
/chromium-os/testing/chamelium-audio-streaming,0.0000,0.9996
/for-testers/frontend-testing/constrained-windows/constrained-windows--basic-testing,0.0000,0.9996
/developers/design-documents/sync/embassy,0.0000,0.9996
/layout-test-contest,0.0000,0.9996
/blink/blink-gardening,0.0000,0.9996
/blink/directory-dependency-in-blink,0.0000,0.9996
/blink/platform-predictability/objectives,0.0000,0.9996
/chromium-os/packages/libchromeos,0.0000,0.9996
/chromium-os/testing/afe-rpc-infrastructure,0.0000,0.9996
/developers/design-documents/cookies-and-prerender,0.0000,0.9996
/developers/how-tos/chrome-frame-cfinstall,0.0000,0.9996
/developers/how-tos/enterprise/protobuf-encoded-policy-blobs,0.0000,0.9996
/developers/how-tos/order-file-development-guide,0.0000,0.9996
/developers/how-tos/trace-event-profiling-tool/memory/howto-adding-memory-infra-tracing-to-a-component,0.0000,0.9996
/developers/testing/chromium-build-infrastructure/repro-a-build,0.0000,0.9996
/developers/testing/isolated-testing,0.0000,0.9996
/developers/using-requestautocomplete,0.0000,0.9996
/Home/chromium-security/bugs/reproducing-clusterfuzz-bugs,0.0000,0.9996
/irc,0.0000,0.9996
/nativeclient/pnacl/building-pnacl-components-for-distribution-packagers,0.0000,0.9996
/teams/layout-team/eliminating-simple-text,0.0000,0.9996
/developers/design-documents/extensions/proposed-changes/apis-under-development/omnibox-api,0.0000,0.9996
/issue-tracking/migrating-issue-components,0.0000,0.9996
/developers/design-documents/extensions/proposed-changes/apis-under-development/push-messaging,0.0000,0.9996
/for-testers/frontend-testing/windows-specific-interoperability-issues,0.0000,0.9996
/Home/chromium-security/pwnium-3,0.0000,0.9996
/teams/speed-metrics-team,0.0000,0.9996
/developers/design-documents/network-stack/network-bug-triage/downloads-bug-triage/salient-bug-list,0.0000,0.9996
/CHROMIUM-OS/FWMP,0.0000,0.9996
/chromium-os/obsolete/portage-package-status,0.0000,0.9996
/chromium-os/testing/existing-autotest-utilities,0.0000,0.9996
/developers/design-documents/embedding-flash-fullscreen-in-the-browser-window,0.0000,0.9996
/developers/design-documents/extensions/proposed-changes/apis-under-development/power-management-api,0.0000,0.9996
/developers/design-documents/time-sources,0.0000,0.9996
/developers/how-tos/build-instructions-cast,0.0000,0.9996
/developers/md5-certificate-statistics,0.0000,0.9996
/developers/telemetry/run_locally,0.0000,0.9996
/developers/telemetry/telemetry-unittests,0.0000,0.9997
/for-testers/providing-memory-details,0.0000,0.9997
/Home/chromium-clobber-landmines,0.0000,0.9997
/Home/chromium-security/ssca/,0.0000,0.9997
/nativeclient/day-to-day/infrastructure-faq,0.0000,0.9997
/spdy/spdy-protocol/spdy-protocol-draft3-2,0.0000,0.9997
/teams/animations/animation-worklet,0.0000,0.9997
/teams/rendering/okrs/2020-q1,0.0000,0.9997
/updates/,0.0000,0.9997
/chromium-os/containers-update,0.0000,0.9997
/developers/blink-gc-plugin-errors,0.0000,0.9997
/developers/javascript-unittests,0.0000,0.9997
/Home/chromium-security/,0.0000,0.9997
/developers/design-documents/browser-components/cookbook,0.0000,0.9997
/developers/telemetry/telemetry-profile-generation,0.0000,0.9997
/chromium-os/chromiumos-design-docs/cros-network/fake-gsm-modem,0.0000,0.9997
/chromium-os/packages/libchrome,0.0000,0.9997
/chromium-os/packages/power_manager/screen-brightness,0.0000,0.9997
/chromium-os/testing/dynamic-test-suites,0.0000,0.9997
/chromium-os/testing/qemu-unittests,0.0000,0.9997
/chromium-os/testing/suite_scheduler-1,0.0000,0.9997
/developers/accessibility/chromevox-on-desktop-linux,0.0000,0.9997
/developers/design-documents/greasemonkey,0.0000,0.9997
/developers/design-documents/info-bars,0.0000,0.9997
/developers/design-documents/profile-chooser-menu,0.0000,0.9997
/developers/os-x-keyboard-handling,0.0000,0.9997
/developers/testing/commit-queue/chromium_trybot-json,0.0000,0.9997
/Home/chromium-security/enamel/permissions,0.0000,0.9997
/nativeclient/how-tos/build-tcb,0.0000,0.9997
/teams/animations/highlights-archive/march-2021---fixit-week-new-features-testing-interop-metrics-and-more,0.0000,0.9997
/teams/ecosystem-infra,0.0000,0.9997
/teams/layout-team/potential-projects,0.0000,0.9997
/teams/paint-team/paint-team-members,0.0000,0.9997
/chromium-os/how-tos-and-troubleshooting/boot-mainline-kernel-on-veyron-jaq,0.0000,0.9997
/chromium-os/obsolete/quiche-notes,0.0000,0.9997
/chromium-os/testing/autotest-developer-faq/autotest-server-usage,0.0000,0.9997
/developers/design-documents/cookie-prompt-replacement,0.0000,0.9997
/developers/design-documents/fullscreen-mac,0.0000,0.9997
/Home/chromium-security/binding-integrity,0.0000,0.9997
/chromium-os/chromiumos-design-docs/,0.0000,0.9997
/chromium-os/how-tos-and-troubleshooting/chrome-with-libcras-on-gprecise,0.0000,0.9997
/chromium-os/how-tos-and-troubleshooting/git-server-side-information,0.0000,0.9997
/chromium-os/testing/dynamic-suites/dynamic-test-suites,0.0000,0.9997
/chromium-os/testing/writing-and-developing-tests/test-deps-faq,0.0000,0.9997
/developers/design-documents/aura/gesture-recognizer/gesture-recognizer-tests,0.0000,0.9998
/developers/design-documents/confirm-to-quit-experiment,0.0000,0.9998
/developers/design-documents/extensions/proposed-changes/apis-under-development/i18n-api,0.0000,0.9998
/developers/design-documents/extensions/proposed-changes/apis-under-development/privacy,0.0000,0.9998
/developers/design-documents/extensions/proposed-changes/apis-under-development/rlz-api/,0.0000,0.9998
/developers/design-documents/linuxresourcesandlocalizedstrings,0.0000,0.9998
/developers/design-documents/network-stack/network-bug-triage,0.0000,0.9998
/developers/diagnostics,0.0000,0.9998
/developers/npapi-deprecation/,0.0000,0.9998
/developers/testing/fake-bidi,0.0000,0.9998
/developers/the-json-test-results-format,0.0000,0.9998
/irc-support-faq,0.0000,0.9998
/issue-tracking/issue-tracking-lifecycle,0.0000,0.9998
/nativeclient/how-tos/how-to-use-git-svn-with-native-client,0.0000,0.9998
/nativeclient/life-of-sel_ldr,0.0000,0.9998
/nativeclient/styleguide,0.0000,0.9998
/quic/,0.0000,0.9998
/teams/input-dev/input-objectives/2017-okrs,0.0000,0.9998
/chromium-os/developer-information-for-chrome-os-devices/lenovo-chromebook-11,0.0000,0.9998
/chromium-os/servo/servo-v2,0.0000,0.9998
/chromium-os/testing/chamelium-usb-audio,0.0000,0.9998
/developers/design-documents/extensions/proposed-changes/apis-under-development/webnavigation-v2,0.0000,0.9998
/developers/how-tos/closure-compilation,0.0000,0.9998
/developers/how-tos/webkit-gardening,0.0000,0.9998
/developers/tree-sheriffs/handling-a-failing-test,0.0000,0.9998
/nativeclient/how-tos/debugging-documentation/debugging-a-trusted-plugin/trusted-debugging-on-mac,0.0000,0.9998
/chromium-os/bluetooth-pairing-method-confusion-on-chrome-os,0.0000,0.9998
/chromium-os/build/cbuildbot-metadata-json-tutorial,0.0000,0.9998
/chromium-os/firmware-porting-guide/1-overview/the-crosfw-script,0.0000,0.9998
/developers/how-tos/trace-event-profiling-tool/memory/heap-profiling-with-memory-infra,0.0000,0.9998
/home/chromium-security/root-ca-policy,0.0000,0.9998
/teams/animations/highlights-archive/september-2021---new-features-testing-code-health-interop-fixes-and-more,0.0000,0.9998
/audio-video/,0.0000,0.9998
/chromium-os/packages/power_manager/inactivity-delays,0.0000,0.9998
/chromium-os/testing/autoserv-packaging,0.0000,0.9998
/chromium-os/testing/autotest-graphics-documentation,0.0000,0.9998
/chromium-os/testing/running-unit-tests-on-the-target,0.0000,0.9998
/chromium-os/type-c-on-rk3399-chromebooks,0.0000,0.9998
/developers/accessibility/chromevox,0.0000,0.9998
/developers/design-documents/gpu-memory-buffer,0.0000,0.9998
/developers/how-tos/trace-event-profiling-tool/memory,0.0000,0.9998
/developers/public-calendar-for-meetings-discussing-new-ideas,0.0000,0.9998
/developers/status-update-email-best-practices,0.0000,0.9998
/Home/chromium-security/mds,0.0000,0.9998
/nativeclient/how-tos/debugging-documentation/debugging-a-trusted-plugin/debugging-a-trusted-plugin-on-linux,0.0000,0.9998
/nativeclient/how-tos/debugging-documentation/debugging-with-debug-stub-recommended/debugging-nacl-apps-in-eclipse-cdt,0.0000,0.9998
/nativeclient/how-tos/working-on-the-git-toolchain-repos,0.0000,0.9998
/nativeclient/nameservice,0.0000,0.9998
/nativeclient/reference/research-papers,0.0000,0.9998
/spdy/spdy-protocol/spdyprotocol-xml,0.0000,0.9998
/teams/layout-team/bug-triage,0.0000,0.9998
/teams/rendering/okrs,0.0000,0.9998
/chromium-os/unchecked_tpm_reset,0.0000,0.9998
/developers/design-documents/focus-and-activation-in-views-and-aura,0.0000,0.9998
/developers/design-documents/indexeddb/indexeddbbackup,0.0000,0.9998
/chromium-os/testing/test-code-labs/autotest-client-tests/autotest-client-helper-libraries,0.0000,0.9998
/developers/design-documents/extensions/proposed-changes/apis-under-development/browser-keys,0.0000,0.9998
/teams/animations/highlights-archive/september-update,0.0000,0.9998
/chromium-os/obsolete/using-eclipse-to-debug-chrome-on-chrome-os,0.0000,0.9998
/chromium-os/developer-information-for-chrome-os-devices/samsung-arm-Chromebook,0.0000,0.9999
/blink/launching-features/old-process,0.0000,0.9999
/blink/sheriffing/triaging-gasper-alerts,0.0000,0.9999
/chromium-os/chromiumos-design-docs/cros-network/cellular-activation,0.0000,0.9999
/chromium-os/glitch-vulnerability-status,0.0000,0.9999
/chromium-os/how-tos-and-troubleshooting/debugging-3g/manual-e362-setup,0.0000,0.9999
/chromium-os/how-tos-and-troubleshooting/modemmanager,0.0000,0.9999
/developers/android-eclipse-dev,0.0000,0.9999
/developers/design-documents/dependency-management,0.0000,0.9999
/developers/design-documents/extensions/proposed-changes/apis-under-development/gleam-api,0.0000,0.9999
/developers/design-documents/extensions/proposed-changes/apis-under-development/history-api,0.0000,0.9999
/developers/design-documents/extensions/proposed-changes/apis-under-development/system-indicator-api,0.0000,0.9999
/developers/design-documents/instant,0.0000,0.9999
/developers/design-documents/startup,0.0000,0.9999
/developers/design-documents/system-dictionary-pop-up-architecture,0.0000,0.9999
/developers/how-tos/gpu-wrangling/check_gpu_bots-script,0.0000,0.9999
/developers/how-tos/trace-event-profiling-tool/memory/gpu-memory,0.0000,0.9999
/developers/telemetry/diagnosing-test-failures,0.0000,0.9999
/developers/testing/commit-queue/integration-with-rietveld,0.0000,0.9999
/developers/testing/dr-fuzz,0.0000,0.9999
/developers/tree-sheriffs/perf-sheriffs/bisecting-performance-regressions,0.0000,0.9999
/Home/domui-testing,0.0000,0.9999
/Home/loading,0.0000,0.9999
/issue-tracking/how-to-bulk-edit,0.0000,0.9999
/nativeclient/,0.0000,0.9999
/nativeclient/how-tos,0.0000,0.9999
/nativeclient/pnacl/stability-of-the-pnacl-bitcode-abi,0.0000,0.9999
/spdy/spdy-protocol/,0.0000,0.9999
/teams/animations/paint-worklet,0.0000,0.9999
/teams/input-dev/input-objectives/2016-okrs,0.0000,0.9999
/teams/rendering/okrs/2020-q2,0.0000,0.9999
/teams/worker-team,0.0000,0.9999
/chromium-os/testing/moblab/usingmoblab,0.0000,0.9999
/chromium-os/donnettes,0.0000,0.9999
/chromium-os/ec-development/ec-3po,0.0000,0.9999
/chromium-os/testing/hardware_qualification,0.0000,0.9999
/developers/design-documents/bluetooth-design-docs,0.0000,0.9999
/developers/design-documents/layered-components-technical-approach/making-autofill-into-a-layered-component,0.0000,0.9999
/developers/design-documents/making-chrome-independent-of-extensions,0.0000,0.9999
/developers/testing/webkit-layout-tests/identifying-tests-that-depend-on-order,0.0000,0.9999
/developers/ticket-milestone-punting,0.0000,0.9999
/developers/tree-sheriffs/sheriff-philosophy,0.0000,0.9999
/Home/chromium-security/clean-software-alliance,0.0000,0.9999
/teams/input-dev/input-objectives/2018-okrs,0.0000,0.9999
/teams/layout-team/meeting-notes/friday-october-2-2015,0.0000,0.9999
/teams/animations/highlights-archive/january-2021---code-health-new-features-testing-and-stability-fixes,0.0000,0.9999
/chromium-os/testing/moblab/pre-requirements-of-issue-creation,0.0000,0.9999
/Home/chromium-security/articles,0.0000,0.9999
/home/chromium-security/enamel,0.0000,0.9999
/teams/animations/highlights-archive/august-2021---new-features-fixit-testing-code-health-and-more,0.0000,0.9999
/teams/animations/highlights-archive/august-2021-vol-2---new-features-code-health-stability-security-fixes,0.0000,0.9999
/chromium-os/chromiumos-design-docs/cbi-cros-board-info,0.0000,0.9999
/chromium-os/chromiumos-design-docs/chromium-os-kernel/dco,0.0000,0.9999
/chromium-os/chromiumos-design-docs/verify-prebuilts-using-content-hashing,0.0000,0.9999
/chromium-OS/fwmp,0.0000,0.9999
/chromium-os/getting-started-with-platform2,0.0000,0.9999
/chromium-os/packages/power_manager/suspend-and-resume,0.0000,0.9999
/chromium-os/testing/autotest-and-ebuilds,0.0000,0.9999
/chromium-os/testing/test-dependencies-in-dynamic-suites,0.0000,0.9999
/chromium-os/testing/writing-and-developing-tests,0.0000,0.9999
/chromium-os/testing/writing-and-developing-tests/writing-tests-faq,0.0000,0.9999
/chromium-os/twinkie/,0.0000,0.9999
/developers/accessibility/webkit-accessibility,0.0000,0.9999
/developers/design-documents/blink-scrollbarthemes,0.0000,0.9999
/developers/design-documents/extensions/proposed-changes/apis-under-development/get-extension-views-by-type-proposal,0.0000,0.9999
/developers/design-documents/extensions/proposed-changes/apis-under-development/instructions-for-api-shepherds,0.0000,0.9999
/developers/design-documents/mac-xib-files,0.0000,0.9999
/developers/design-documents/widget-refactor,0.0000,0.9999
/developers/how-tos/api-keys/,0.0000,0.9999
/developers/how-tos/gpu-wrangling,0.0000,0.9999
/developers/memory,0.0000,0.9999
/developers/speed-hall-of-fame,0.0000,0.9999
/developers/testing/gpu-testing/gpu-bot-details,0.0000,0.9999
/developers/testing/memorysanitizer/,0.0000,0.9999
/devtools/announcements,0.0000,0.9999
/devtools/breakpoints-tutorial,0.0000,0.9999
/for-testers/,0.0000,0.9999
/getting-involved/summerofcode2013,0.0000,0.9999
/Home/chromium-security/hall-of-fame/,0.0000,0.9999
/Home/chromium-security/owp/web-platform-security-backlog,0.0000,0.9999
/nativeclient/how-tos/how-to-write-assembler-for-x86-nacl-platform,0.0000,0.9999
/teams/animations/highlights-archive/june-2020---web-animations-scroll-linked-animations-throughput-metrics-scroll-unification-webdriver-pointer-events-and-more,0.0000,0.9999
/teams/input-dev/input-objectives/2015-okrs,0.0000,0.9999
/throttling/,0.0000,0.9999
/user-experience/,0.0000,0.9999
/chromium-os/developer-guide/upstreaming-drm-patches,0.0000,0.9999
/teams/animations/highlights-archive/august-2020---code-health-animations-context-menu-and-more,0.0000,0.9999
/teams/layout-team/meeting-notes/monday-march-23-2015,0.0000,0.9999
/chromium-os/testing/moblab/user-manual,0.0000,0.9999
/developers/testing/webkit-layout-tests/using-breakpad-with-content-shell,0.0000,0.9999
/developers/tree-sheriffs/sheriffing-bug-queues,0.0000,0.9999
/events/,0.0000,0.9999
/home/chromium-security/brag-sheet,0.0000,0.9999
/layout-test-contest/layout-test-contest-leaderboard,0.0000,0.9999
/chromium-os/chromiumos-design-docs/cros-network,0.0000,0.9999
/Chromium-os/fwmp,0.0000,1.0000
/chromium-os/profiling-in-chromeos,0.0000,1.0000
/chromium-os/testing/autotest-keyvals,0.0000,1.0000
/chromium-os/testing/moblab/faft-testing-with-moblab,0.0000,1.0000
/chromium-os/testing/moblab/setup,0.0000,1.0000
/chromium-os/testing/test-code-labs,0.0000,1.0000
/chromium-os/testing/test-code-labs/,0.0000,1.0000
/chromium-os/user-experience/form-factors/tablet/,0.0000,1.0000
/developers/common-terms--techno-babble,0.0000,1.0000
/developers/contributing-code/,0.0000,1.0000
/developers/design-documents/gpu-accelerated-compositing-in-chrome/,0.0000,1.0000
/developers/design-documents/mac-plugins,0.0000,1.0000
/developers/design-documents/tabtastic-2-requirements,0.0000,1.0000
/developers/design-documents/web-nfc/,0.0000,1.0000
/developers/how-tos/angle-infra,0.0000,1.0000
/developers/how-tos/build-instructions-windows/,0.0000,1.0000
/developers/how-tos/make-a-web-standards-proposal,0.0000,1.0000
/developers/telemetry/performance-try-bots,0.0000,1.0000
/developers/testing/contacting-a-trooper,0.0000,1.0000
/developers/testing/webkit-layout-tests/testexpectations,0.0000,1.0000
/developers/tools-we-use-in-chromium/grit/grit-regression-test-plan,0.0000,1.0000
/developers/tools-we-use-in-chromium/grit/how-to-contribute-to-grit,0.0000,1.0000
/developers/tree-sheriffs/chrome-in-chromeos-gardening,0.0000,1.0000
/developers/tree-sheriffs/sheriff-details-chromium-os/,0.0000,1.0000
/getting-involved/download-chromium/,0.0000,1.0000
/home/chromium-privacy/privacy-sandbox,0.0000,1.0000
/home/chromium-security/,0.0000,1.0000
/Home/chromium-security/adding-permissions,0.0000,1.0000
/home/chromium-security/crlsets,0.0000,1.0000
/home/chromium-security/marking-http-as-non-secure,0.0000,1.0000
/home/chromium-security/memory-safety,0.0000,1.0000
/Home/ice-cream-sandwich-support-deprecation-faq,0.0000,1.0000
/issue-tracking/label-and-component-naming-style-guide,0.0000,1.0000
/nativeclient/how-tos/debugging-documentation/debugging-with-debug-stub-recommended,0.0000,1.0000
/nativeclient/nameservice/naming-issues----rationale,0.0000,1.0000
/nativeclient/pnacl/aligned-bundling-support-in-llvm,0.0000,1.0000
/nativeclient/pnacl/experimenting-with-generated-bitcode,0.0000,1.0000
/nativeclient/reference,0.0000,1.0000
/spdy/spdy-data,0.0000,1.0000
/teams/,0.0000,1.0000
/teams/animations/highlights-archive/april-2020---web-animations-scroll-linked-animations-throughput-metrics-and-more,0.0000,1.0000
/teams/animations/highlights-archive/april-2021-vol-2---new-features-testing-stability-fixes-interop-fixes-and-more,0.0000,1.0000
/teams/animations/highlights-archive/june-2021---new-features-stability-fixes-interop-fixes-and-more,0.0000,1.0000
/teams/animations/highlights-archive/october-2019,0.0000,1.0000
/teams/animations/highlights-archive/october-2020---code-health-scroll-timelines-synthetic-user-activation-scroll-unification-and-more,0.0000,1.0000
/teams/animations/highlights-archive/september-2020-vol-2---code-health-logical-property-animation-off-thread-paintworklet-capability-delegation-and-more,0.0000,1.0000
/teams/layout-team/meeting-notes/monday-february-9,0.0000,1.0000
/updates/same-site/,0.0000,1.0000
/user-experience/infobars/geolocation,0.0000,1.0000
/chromium-os/testing/,0.0000,1.0000
/administrators/err_ssl_weak_server_ephemeral_dh_key,0.0000,1.0000
/chromium-os/bias-on-chromium-os,0.0000,1.0000
/chromium-os/chromiumos-design-docs/login/,0.0000,1.0000
/chromium-os/how-tos-and-troubleshooting/git-helpers,0.0000,1.0000
/developers/diagnostics/installer-error-strings,0.0000,1.0000
/developers/speed-infra,0.0000,1.0000
/developers/testing/,0.0000,1.0000
/home/chromium-security/deprecating-powerful-features-on-insecure-origins,0.0000,1.0000
/home/chromium-security/owp,0.0000,1.0000
/home/chromium-security/prefer-secure-origins-for-powerful-new-features,0.0000,1.0000
/Home/domui-testing/webui-browser_tests/webui-accessibility-audit,0.0000,1.0000
/nativeclient/how-tos/debugging-documentation/debugging-a-trusted-plugin,0.0000,1.0000
/nativeclient/pnacl/subzero,0.0000,1.0000
/teams/animations/highlights-archive/animations-documentation-throughput-metrics-code-health-capability-delegation-user-input-security-and-more,0.0000,1.0000
/teams/animations/highlights-archive/february-2021-new-features-testing-stability-fixes-code-health-and-more,0.0000,1.0000
/teams/animations/highlights-archive/may-2021---new-features-testing-stability-fixes-interop-fixes-and-more,0.0000,1.0000
/ADMINISTRATORS/policy-list-3,0.0000,1.0000
/android/,0.0000,1.0000
/careers/,0.0000,1.0000
/cecpq2/,0.0000,1.0000
/chrome-apps/,0.0000,1.0000
/chrome-os-devices-and-kernel-versions/,0.0000,1.0000
/chrome-release-channels/,0.0000,1.0000
/chromium-os//////////,0.0000,1.0000
/chromium-os/2014-firmware-summit/,0.0000,1.0000
/chromium-os/android-apps/,0.0000,1.0000
/chromium-os/build/,0.0000,1.0000
/chromium-os/cable-and-adapter-tips-and-tricks/,0.0000,1.0000
/chromium-os/chromium-os-faq/,0.0000,1.0000
/chromium-os/chromiumos-design-docs/cros-network/fake-cromo,0.0000,1.0000
/chromium-os/chromiumos-design-docs/cros-network/fakemodem,0.0000,1.0000
/chromium-os/chromiumos-design-docs/userland-boot,0.0000,1.0000
/chromium-os/developer-guide/directory-structure/,0.0000,1.0000
/chromium-os/developing-apps-on-your-chromium-os-device/,0.0000,1.0000
/chromium-os/dingdong/,0.0000,1.0000
/chromium-os/ec-development/,0.0000,1.0000
/chromium-os/ec-development/ec-image-geometry-spec/,0.0000,1.0000
/chromium-os/firmware-porting-guide/,0.0000,1.0000
/chromium-os/getting-dev-hardware/,0.0000,1.0000
/chromium-os/hoho/,0.0000,1.0000
/chromium-os/how-tos-and-troubleshooting/,0.0000,1.0000
/chromium-os/how-tos-and-troubleshooting/developer-faq/,0.0000,1.0000
/chromium-os/lazy-fp-restore-vulnerability-status,0.0000,1.0000
/chromium-os/minimuffin/,0.0000,1.0000
/chromium-os/obsolete/recall,0.0000,1.0000
/chromium-os/plankton/,0.0000,1.0000
/chromium-os/poking-around-your-chrome-os-device/,0.0000,1.0000
/chromium-os/quick-start-guide/,0.0000,1.0000
/chromium-os/sideload-android-apps-on-chromebook/,0.0000,1.0000
/chromium-os/testing/anatomy-of-test-test,0.0000,1.0000
/chromium-os/testing/gs-offloader,0.0000,1.0000
/chromium-os/testing/infrastructure-components,0.0000,1.0000
/chromium-os/testing/moblab/view-test-result-vis-wmatrix,0.0000,1.0000
/chromium-os/testing/writing-and-developing-tests/testing-your-changes-faq,0.0000,1.0000
/chromium-os/user-experience/form-factors/,0.0000,1.0000
/conduct/,0.0000,1.0000
/contact/,0.0000,1.0000
/developers/debugging-with-crash-keys,0.0000,1.0000
/developers/design-documents/extensions/,0.0000,1.0000
/developers/design-documents/network-stack/,0.0000,1.0000
/developers/design-documents/sandbox/,0.0000,1.0000
